policy,suite,band,question_n,greedy_successes,greedy_denominator,random_successes,random_denominator,zero_success_questions,any32_successes,recovery_caveat,estimator,training_seed,greedy,pass@1,pass@2,pass@4,pass@8,pass@16,pass@32,c0,c1,c2,c3,c4,c5,c6,c7,c8,c9,c10,c11,c12,c13,c14,c15,c16,c17,c18,c19,c20,c21,c22,c23,c24,c25,c26,c27,c28,c29,c30,c31,c32,greedy_responses,greedy_format_valid,greedy_number_use_valid,greedy_length_caps,greedy_generated_tokens,greedy_mean_length,greedy_max_length,greedy_entropy_token_mean,greedy_entropy_response_mean,greedy_format_rate,greedy_number_use_rate,greedy_cap_rate,sample_responses,sample_format_valid,sample_number_use_valid,sample_length_caps,sample_generated_tokens,sample_mean_length,sample_max_length,sample_entropy_token_mean,sample_entropy_response_mean,sample_format_rate,sample_number_use_rate,sample_cap_rate
SFT,HISTORICAL_FINAL256_OBSERVED,all,256,88,256,1819,8192,47,209,,"same n=32 pool, exact-combination subset estimator",,0.34375,0.2220458984375,0.35395665322580644,0.5036629240823137,0.6428394667656608,0.7520414318171527,0.81640625,47,14,26,16,18,14,12,12,13,6,4,5,8,13,5,8,4,6,5,3,5,2,1,3,3,1,0,1,0,1,0,0,0,256,256,256,0,2459,9.60546875,11,0.26182212759435897,0.26365750321817183,1.0,1.0,0.0,8192,8171,8079,0,78683,9.6048583984375,21,0.2669396709176382,0.2689934355821799,0.9974365234375,0.9862060546875,0.0
SFT,HISTORICAL_FINAL256_OBSERVED,add_sub_solvable,128,76,128,1400,4096,5,123,,"same n=32 pool, exact-combination subset estimator",,0.59375,0.341796875,0.5269027217741935,0.71253215378198,0.8531030702145309,0.9347565517219127,0.9609375,5,1,5,9,7,8,7,7,8,4,2,5,5,10,5,7,3,6,5,3,4,2,1,3,3,1,0,1,0,1,0,0,0,128,128,128,0,1237,9.6640625,11,0.2495442854218306,0.2516996066627988,1.0,1.0,0.0,4096,4087,4048,0,39585,9.664306640625,13,0.260342864669555,0.2627627933243538,0.997802734375,0.98828125,0.0
SFT,HISTORICAL_FINAL256_OBSERVED,requires_mul_or_div,128,12,128,419,4096,42,86,,"same n=32 pool, exact-combination subset estimator",,0.09375,0.102294921875,0.18101058467741934,0.29479369438264735,0.43257586331679077,0.5693263119123925,0.671875,42,13,21,7,11,6,5,5,5,2,2,0,3,3,0,1,1,0,0,0,1,0,0,0,0,0,0,0,0,0,0,0,0,128,128,128,0,1222,9.546875,11,0.2742506797771885,0.2756153997735449,1.0,1.0,0.0,4096,4084,4031,0,39098,9.54541015625,21,0.2736186461933653,0.27522407784000597,0.9970703125,0.984130859375,0.0
SFT,CONFIRM128_RESERVED,all,128,44,128,892,4096,19,109,,"same n=32 pool, exact-combination subset estimator",,0.34375,0.2177734375,0.3450730846774194,0.49267958321746386,0.6410882855653955,0.7691380237919382,0.8515625,19,10,14,13,9,8,5,4,5,4,7,1,3,3,2,3,0,2,4,1,2,1,3,0,2,2,1,0,0,0,0,0,0,128,128,128,0,1260,9.84375,11,0.25454272997182364,0.2560150451617869,1.0,1.0,0.0,4096,4087,4046,0,40286,9.83544921875,13,0.2598780587785226,0.26135520970227366,0.997802734375,0.98779296875,0.0
SFT,CONFIRM128_RESERVED,add_sub_solvable,64,37,64,700,2048,4,60,,"same n=32 pool, exact-combination subset estimator",,0.578125,0.341796875,0.5187436995967742,0.6922704915183537,0.8251916718956486,0.903651898583815,0.9375,4,1,5,2,2,4,3,3,3,4,6,1,2,2,1,3,0,2,4,1,2,1,3,0,2,2,1,0,0,0,0,0,0,64,64,64,0,623,9.734375,11,0.23983998618302246,0.24159517425116292,1.0,1.0,0.0,2048,2044,2025,0,19915,9.72412109375,13,0.2552559919173852,0.2572708430221588,0.998046875,0.98876953125,0.0
SFT,CONFIRM128_RESERVED,requires_mul_or_div,64,7,64,192,2048,15,49,,"same n=32 pool, exact-combination subset estimator",,0.109375,0.09375,0.1714024697580645,0.293088674916574,0.45698489923514257,0.6346241490000614,0.765625,15,9,9,11,7,4,2,1,2,0,1,0,1,1,1,0,0,0,0,0,0,0,0,0,0,0,0,0,0,0,0,0,0,64,64,64,0,637,9.953125,11,0.2689223365344974,0.27043491607241094,1.0,1.0,0.0,2048,2043,2021,0,20371,9.94677734375,13,0.2643966617700081,0.2654395763823885,0.99755859375,0.98681640625,0.0
GRPO17,HISTORICAL_FINAL256_OBSERVED,all,256,110,256,3040,8192,80,176,,"same n=32 pool, exact-combination subset estimator",17,0.4296875,0.37109375,0.4725853704637097,0.5497684058676306,0.6054867446795109,0.6473751720214995,0.6875,80,17,4,3,5,7,5,2,6,4,4,4,2,3,6,3,3,7,4,2,7,2,10,4,3,5,4,9,9,8,5,10,9,256,256,244,0,2453,9.58203125,11,0.14549022529091274,0.1467093277269588,1.0,0.953125,0.0,8192,8174,7733,0,78591,9.5936279296875,84,0.1470652015398557,0.14755844841916427,0.997802734375,0.9439697265625,0.0
GRPO17,HISTORICAL_FINAL256_OBSERVED,add_sub_solvable,128,92,128,2542,4096,6,122,,"same n=32 pool, exact-combination subset estimator",17,0.71875,0.62060546875,0.7653887348790323,0.8564390120967742,0.9071099268655581,0.935400847716164,0.953125,6,3,2,1,1,4,3,1,3,2,0,4,1,1,4,3,2,7,1,2,7,2,8,4,1,5,3,8,9,7,5,10,8,128,128,128,0,1237,9.6640625,11,0.1276526743324922,0.1284821634662932,1.0,1.0,0.0,4096,4090,4021,0,39563,9.658935546875,13,0.13316337589951346,0.13393698576154947,0.99853515625,0.981689453125,0.0
GRPO17,HISTORICAL_FINAL256_OBSERVED,requires_mul_or_div,128,18,128,498,4096,74,54,,"same n=32 pool, exact-combination subset estimator",17,0.140625,0.12158203125,0.1797820060483871,0.2430977996384872,0.3038635624934638,0.35934949632683494,0.421875,74,14,2,2,4,3,2,1,3,2,4,0,1,2,2,0,1,0,3,0,0,0,2,0,2,0,1,1,0,1,0,0,1,128,128,116,0,1216,9.5,11,0.1636358260602929,0.16493649198762442,1.0,0.90625,0.0,4096,4084,3712,0,39028,9.5283203125,84,0.16115759489357254,0.16117991107677904,0.9970703125,0.90625,0.0
GRPO17,CONFIRM128_RESERVED,all,128,47,128,1317,4096,43,85,,"same n=32 pool, exact-combination subset estimator",17,0.3671875,0.321533203125,0.408234627016129,0.4773404911707453,0.5399135933028626,0.602648027142426,0.6640625,43,11,7,4,2,4,3,0,0,3,1,1,1,2,3,1,1,1,0,1,1,3,1,2,7,2,4,3,1,1,8,4,2,128,128,120,0,1256,9.8125,11,0.13417475302627452,0.13362912645815128,1.0,0.9375,0.0,4096,4087,3803,0,40205,9.815673828125,13,0.13735551833718251,0.13682354433320798,0.997802734375,0.928466796875,0.0
GRPO17,CONFIRM128_RESERVED,add_sub_solvable,64,42,64,1161,2048,3,61,,"same n=32 pool, exact-combination subset estimator",17,0.65625,0.56689453125,0.7020854334677419,0.7930899784482759,0.8553355847665497,0.906170297942593,0.953125,3,4,3,2,0,2,1,0,0,3,0,1,1,2,3,1,1,1,0,1,1,2,1,1,7,1,3,3,1,1,8,4,2,64,64,63,0,622,9.71875,11,0.11957084335946733,0.11806323493038584,1.0,0.984375,0.0,2048,2044,2003,0,19914,9.7236328125,13,0.12326290094133904,0.12190247864818578,0.998046875,0.97802734375,0.0
GRPO17,CONFIRM128_RESERVED,requires_mul_or_div,64,5,64,156,2048,40,24,,"same n=32 pool, exact-combination subset estimator",17,0.078125,0.076171875,0.11438382056451613,0.16159100389321468,0.22449160183917555,0.29912575634225896,0.375,40,7,4,2,2,2,2,0,0,0,1,0,0,0,0,0,0,0,0,0,0,1,0,1,0,1,1,0,0,0,0,0,0,64,64,57,0,634,9.90625,11,0.14850224799907272,0.1491950179859167,1.0,0.890625,0.0,2048,2043,1800,0,20291,9.90771484375,13,0.1511862996106943,0.1517446100182302,0.99755859375,0.87890625,0.0
RFT17,HISTORICAL_FINAL256_OBSERVED,all,256,87,256,2704,8192,138,118,,"same n=32 pool, exact-combination subset estimator",17,0.33984375,0.330078125,0.3560594128024194,0.3773765555478309,0.4018995918126028,0.43044599592005073,0.4609375,138,12,4,6,2,2,1,2,0,1,0,0,2,0,0,0,0,2,1,1,0,0,0,1,0,2,3,0,4,5,4,20,43,256,256,255,0,2460,9.609375,11,0.04660949540988397,0.047052726290383796,1.0,0.99609375,0.0,8192,8187,8147,0,78734,9.611083984375,12,0.04847779956131311,0.04899773914353467,0.9993896484375,0.9945068359375,0.0
RFT17,HISTORICAL_FINAL256_OBSERVED,add_sub_solvable,128,77,128,2417,4096,33,95,,"same n=32 pool, exact-combination subset estimator",17,0.6015625,0.590087890625,0.6234879032258065,0.6484889895022247,0.6779574965476836,0.7114169771633001,0.7421875,33,5,4,3,2,1,1,0,0,1,0,0,2,0,0,0,0,0,1,0,0,0,0,0,0,2,1,0,4,4,4,19,41,128,128,128,0,1237,9.6640625,11,0.031866381664157145,0.0322384445805725,1.0,1.0,0.0,4096,4093,4081,0,39598,9.66748046875,12,0.03235842517821045,0.03272281828447815,0.999267578125,0.996337890625,0.0
RFT17,HISTORICAL_FINAL256_OBSERVED,requires_mul_or_div,128,10,128,287,4096,105,23,,"same n=32 pool, exact-combination subset estimator",17,0.078125,0.070068359375,0.08863092237903225,0.10626412159343715,0.12584168707752202,0.14947501467680138,0.1796875,105,7,0,3,0,1,0,2,0,0,0,0,0,0,0,0,0,2,0,1,0,0,0,1,0,0,2,0,0,1,0,1,2,128,128,127,0,1223,9.5546875,11,0.06152137742416368,0.061867008000195095,1.0,0.9921875,0.0,4096,4094,4066,0,39136,9.5546875,12,0.06478746296130553,0.06527266000259119,0.99951171875,0.99267578125,0.0
RFT17,CONFIRM128_RESERVED,all,128,39,128,1286,4096,69,59,,"same n=32 pool, exact-combination subset estimator",17,0.3046875,0.31396484375,0.3390404485887097,0.3631000590934372,0.39045088307402337,0.4221673941255179,0.4609375,69,8,3,1,2,1,0,0,0,2,1,0,1,1,0,0,0,0,0,0,0,1,0,0,1,0,0,0,2,2,2,8,23,128,128,128,0,1260,9.84375,11,0.04799504286442539,0.04858251738030969,1.0,1.0,0.0,4096,4091,4075,0,40329,9.845947265625,11,0.050217445847137894,0.050933787567813665,0.998779296875,0.994873046875,0.0
RFT17,CONFIRM128_RESERVED,add_sub_solvable,64,35,64,1140,2048,15,49,,"same n=32 pool, exact-combination subset estimator",17,0.546875,0.556640625,0.5894027217741935,0.6208021934093437,0.6586038529277545,0.7058192174074254,0.765625,15,6,3,0,2,0,0,0,0,1,1,0,1,0,0,0,0,0,0,0,0,1,0,0,0,0,0,0,1,2,2,6,23,64,64,64,0,623,9.734375,11,0.03640456776887095,0.036613410599066615,1.0,1.0,0.0,2048,2047,2039,0,19941,9.73681640625,11,0.03771599412965174,0.03793617631731307,0.99951171875,0.99560546875,0.0
RFT17,CONFIRM128_RESERVED,requires_mul_or_div,64,4,64,146,2048,54,10,,"same n=32 pool, exact-combination subset estimator",17,0.0625,0.0712890625,0.08867817540322581,0.10539792477753059,0.12229791322029225,0.13851557084361046,0.15625,54,2,0,1,0,1,0,0,0,1,0,0,0,1,0,0,0,0,0,0,0,0,0,0,1,0,0,0,1,0,0,2,0,64,64,64,0,637,9.953125,11,0.05933078224359402,0.06055162416155277,1.0,1.0,0.0,2048,2044,2036,0,20388,9.955078125,11,0.062444807466639524,0.06393139881831428,0.998046875,0.994140625,0.0
PPO17,HISTORICAL_FINAL256_OBSERVED,all,256,100,256,2885,8192,86,170,,"same n=32 pool, exact-combination subset estimator",17,0.390625,0.3521728515625,0.4405320690524194,0.5091243960303115,0.5660909672754866,0.615843807274213,0.6640625,86,18,10,5,4,4,6,4,1,5,7,4,2,2,1,3,1,2,4,5,6,2,1,5,2,3,10,11,11,7,5,9,10,256,256,248,0,2454,9.5859375,11,0.10219638195304598,0.10397917512616368,1.0,0.96875,0.0,8192,8184,7897,0,78512,9.583984375,24,0.10747738205857403,0.10909775367629003,0.9990234375,0.9639892578125,0.0
PPO17,HISTORICAL_FINAL256_OBSERVED,add_sub_solvable,128,84,128,2435,4096,6,122,,"same n=32 pool, exact-combination subset estimator",17,0.65625,0.594482421875,0.7271452872983871,0.8180104630144605,0.8828715600132626,0.9263044236894835,0.953125,6,4,3,4,3,3,3,3,0,3,5,4,2,2,1,1,1,1,1,5,6,1,0,4,2,3,9,9,10,7,5,9,8,128,128,127,0,1236,9.65625,11,0.08863419382257424,0.09072751849450629,1.0,0.9921875,0.0,4096,4092,4029,0,39543,9.654052734375,12,0.09352682349064756,0.09547674669640531,0.9990234375,0.983642578125,0.0
PPO17,HISTORICAL_FINAL256_OBSERVED,requires_mul_or_div,128,16,128,450,4096,80,48,,"same n=32 pool, exact-combination subset estimator",17,0.125,0.10986328125,0.15391885080645162,0.2002383290461624,0.24931037453771046,0.30538319085894233,0.375,80,14,7,1,1,1,3,1,1,2,2,0,0,0,0,2,0,1,3,0,0,1,1,1,0,0,1,2,1,0,0,0,2,128,128,121,0,1218,9.515625,11,0.11595899650909118,0.11723083175782106,1.0,0.9453125,0.0,4096,4092,3868,0,38969,9.513916015625,24,0.12163342756786427,0.12271876065617474,0.9990234375,0.9443359375,0.0
PPO17,CONFIRM128_RESERVED,all,128,45,128,1337,4096,49,79,,"same n=32 pool, exact-combination subset estimator",17,0.3515625,0.326416015625,0.39990234375,0.4531545467185762,0.5002986142306741,0.554231645911789,0.6171875,49,12,7,2,2,1,1,2,0,1,0,1,0,2,2,1,2,1,0,1,1,2,4,3,0,2,5,5,2,4,1,5,7,128,128,123,0,1257,9.8203125,11,0.09741008775832437,0.09872306556472513,1.0,0.9609375,0.0,4096,4094,3903,0,40195,9.813232421875,13,0.09971144644599195,0.10059822512146663,0.99951171875,0.952880859375,0.0
PPO17,CONFIRM128_RESERVED,add_sub_solvable,64,38,64,1133,2048,6,58,,"same n=32 pool, exact-combination subset estimator",17,0.59375,0.55322265625,0.6652910786290323,0.7396386610122359,0.7973393529016096,0.8519639832930667,0.90625,6,5,3,1,2,1,1,1,0,1,0,1,0,2,1,1,2,0,0,1,1,1,2,2,0,2,5,5,1,4,1,5,6,64,64,64,0,623,9.734375,11,0.08370243538005318,0.08469897913252251,1.0,1.0,0.0,2048,2047,2013,0,19915,9.72412109375,12,0.087355812228343,0.08785750048326169,0.99951171875,0.98291015625,0.0
PPO17,CONFIRM128_RESERVED,requires_mul_or_div,64,7,64,204,2048,43,21,,"same n=32 pool, exact-combination subset estimator",17,0.109375,0.099609375,0.13451360887096775,0.16667043242491658,0.20325787555973873,0.2564993085305112,0.328125,43,7,4,1,0,0,0,1,0,0,0,0,0,0,1,0,0,1,0,0,0,1,2,1,0,0,0,0,1,0,0,0,1,64,64,59,0,634,9.90625,11,0.11087991020574227,0.11274715199692772,1.0,0.921875,0.0,2048,2047,1890,0,20280,9.90234375,13,0.11184470361781043,0.11333894975967157,0.99951171875,0.9228515625,0.0
RFT29,HISTORICAL_FINAL256_OBSERVED,all,256,97,256,3082,8192,130,126,,"same n=32 pool, exact-combination subset estimator",29,0.37890625,0.376220703125,0.41300718245967744,0.44124776227057844,0.46311224692916153,0.47955411992993774,0.4921875,130,4,3,4,0,1,3,2,0,4,0,2,3,2,0,0,3,0,0,1,1,2,3,2,2,3,1,2,1,4,2,17,54,256,256,246,0,2452,9.578125,11,0.0636486912974641,0.0634359275084848,1.0,0.9609375,0.0,8192,8185,7861,0,78466,9.578369140625,12,0.0630363347973042,0.06285685509140103,0.9991455078125,0.9595947265625,0.0
RFT29,HISTORICAL_FINAL256_OBSERVED,add_sub_solvable,128,84,128,2702,4096,23,105,,"same n=32 pool, exact-combination subset estimator",29,0.65625,0.65966796875,0.7154580393145161,0.7592292217046719,0.7909796712931272,0.8094372252457779,0.8203125,23,2,0,3,0,1,3,1,0,4,0,2,3,1,0,0,2,0,0,1,1,2,2,0,1,3,1,1,0,3,1,16,51,128,128,128,0,1237,9.6640625,11,0.05081032978869537,0.050329593268845285,1.0,1.0,0.0,4096,4093,4076,0,39585,9.664306640625,12,0.050787609594025944,0.05040706964019531,0.999267578125,0.9951171875,0.0
RFT29,HISTORICAL_FINAL256_OBSERVED,requires_mul_or_div,128,13,128,380,4096,107,21,,"same n=32 pool, exact-combination subset estimator",29,0.1015625,0.0927734375,0.1105563256048387,0.12326630283648499,0.1352448225651959,0.14967101461409762,0.1640625,107,2,3,1,0,0,0,1,0,0,0,0,0,1,0,0,1,0,0,0,0,0,1,2,1,0,0,1,1,1,1,1,3,128,128,118,0,1215,9.4921875,11,0.07671951696523935,0.07654226174812431,1.0,0.921875,0.0,4096,4092,3785,0,38881,9.492431640625,12,0.07550684191316469,0.07530664054260673,0.9990234375,0.924072265625,0.0
RFT29,CONFIRM128_RESERVED,all,128,46,128,1458,4096,68,60,,"same n=32 pool, exact-combination subset estimator",29,0.359375,0.35595703125,0.39851625504032256,0.4262876720661846,0.44409011333224,0.4560142226124487,0.46875,68,3,0,1,0,0,1,2,1,1,0,0,1,1,2,0,0,0,0,0,4,0,1,3,1,2,1,1,3,2,1,4,24,128,128,121,0,1256,9.8125,11,0.06850160194819337,0.06717603062114151,1.0,0.9453125,0.0,4096,4093,3824,0,40168,9.806640625,12,0.06963368322645326,0.06860650697041311,0.999267578125,0.93359375,0.0
RFT29,CONFIRM128_RESERVED,add_sub_solvable,64,42,64,1338,2048,11,53,,"same n=32 pool, exact-combination subset estimator",29,0.65625,0.6533203125,0.7277280745967742,0.7739054678809789,0.7992214892734567,0.8123681359306199,0.828125,11,2,0,0,0,0,0,2,1,1,0,0,1,1,2,0,0,0,0,0,3,0,1,3,1,2,1,0,3,2,1,3,23,64,64,64,0,623,9.734375,11,0.05650284654560735,0.05514914639251194,1.0,1.0,0.0,2048,2047,2016,0,19931,9.73193359375,12,0.057294695876729695,0.055939845530744874,0.99951171875,0.984375,0.0
RFT29,CONFIRM128_RESERVED,requires_mul_or_div,64,4,64,120,2048,57,7,,"same n=32 pool, exact-combination subset estimator",29,0.0625,0.05859375,0.06930443548387097,0.07866987625139044,0.08895873739102327,0.09966030929427759,0.109375,57,1,0,1,0,0,1,0,0,0,0,0,0,0,0,0,0,0,0,0,1,0,0,0,0,0,0,1,0,0,0,1,1,64,64,57,0,633,9.890625,11,0.08031080355295023,0.07920291484977107,1.0,0.890625,0.0,2048,2046,1808,0,20237,9.88134765625,11,0.08178609499041752,0.08127316841008134,0.9990234375,0.8828125,0.0
PPO29,HISTORICAL_FINAL256_OBSERVED,all,256,82,256,2594,8192,121,135,,"same n=32 pool, exact-combination subset estimator",29,0.3203125,0.316650390625,0.3671717489919355,0.41279166521829813,0.45624698665064695,0.49447273268690817,0.52734375,121,12,6,5,5,4,5,3,3,1,4,2,0,3,1,1,3,0,0,3,2,1,1,0,2,4,2,4,3,3,9,12,31,256,256,249,0,2457,9.59765625,11,0.08452161173615776,0.08585153187713351,1.0,0.97265625,0.0,8192,8188,7887,0,78776,9.6162109375,13,0.0854193396374336,0.08623136709108195,0.99951171875,0.9627685546875,0.0
PPO29,HISTORICAL_FINAL256_OBSERVED,add_sub_solvable,128,73,128,2288,4096,20,108,,"same n=32 pool, exact-combination subset estimator",29,0.5703125,0.55859375,0.6363879788306451,0.7014845053531702,0.7590581021588565,0.8070792202369761,0.84375,20,6,4,4,4,2,2,2,3,0,4,1,0,2,1,1,3,0,0,3,1,1,1,0,2,2,2,4,2,2,8,12,29,128,128,128,0,1237,9.6640625,11,0.0684264181790286,0.06990740715579097,1.0,1.0,0.0,4096,4093,4070,0,39593,9.666259765625,12,0.06792972759372636,0.06916546569870996,0.999267578125,0.99365234375,0.0
PPO29,HISTORICAL_FINAL256_OBSERVED,requires_mul_or_div,128,9,128,306,4096,101,27,,"same n=32 pool, exact-combination subset estimator",29,0.0703125,0.07470703125,0.0979555191532258,0.12409882508342603,0.15343587114243748,0.1818662451368402,0.2109375,101,6,2,1,1,2,3,1,0,1,0,1,0,1,0,0,0,0,0,0,1,0,0,0,0,2,0,0,1,1,1,0,2,128,128,121,0,1220,9.53125,11,0.10084108258055839,0.10179565659847606,1.0,0.9453125,0.0,4096,4095,3817,0,39183,9.566162109375,13,0.10309195811091648,0.10329726848345394,0.999755859375,0.931884765625,0.0
PPO29,CONFIRM128_RESERVED,all,128,40,128,1199,4096,68,60,,"same n=32 pool, exact-combination subset estimator",29,0.3125,0.292724609375,0.3360792590725806,0.3719799343020022,0.4040942653221053,0.4341520729760457,0.46875,68,8,0,3,1,1,1,2,1,1,2,0,1,0,0,0,1,0,1,0,3,1,2,1,0,0,1,4,0,1,2,5,17,128,128,122,0,1260,9.84375,11,0.07895185073025406,0.07941118675650569,1.0,0.953125,0.0,4096,4095,3868,0,40366,9.85498046875,13,0.08188766435365516,0.08220355072595273,0.999755859375,0.9443359375,0.0
PPO29,CONFIRM128_RESERVED,add_sub_solvable,64,36,64,1089,2048,14,50,,"same n=32 pool, exact-combination subset estimator",29,0.5625,0.53173828125,0.6018145161290323,0.6604451995272524,0.7112651729604594,0.7511230187737451,0.78125,14,3,0,3,1,1,1,2,1,0,2,0,1,0,0,0,1,0,0,0,3,1,1,1,0,0,1,3,0,0,2,5,17,64,64,64,0,623,9.734375,11,0.06109340633986978,0.06056687796059814,1.0,1.0,0.0,2048,2047,2029,0,19941,9.73681640625,13,0.0639870552799927,0.06365038574623653,0.99951171875,0.99072265625,0.0
PPO29,CONFIRM128_RESERVED,requires_mul_or_div,64,4,64,110,2048,54,10,,"same n=32 pool, exact-combination subset estimator",29,0.0625,0.0537109375,0.07034400201612903,0.08351466907675195,0.09692335768375118,0.1171811271783463,0.15625,54,5,0,0,0,0,0,0,0,1,0,0,0,0,0,0,0,0,1,0,0,0,1,0,0,0,0,1,0,1,0,0,0,64,64,58,0,637,9.953125,11,0.09641780183733317,0.09825549555241322,1.0,0.90625,0.0,2048,2048,1839,0,20425,9.97314453125,13,0.09936409253176547,0.10075671570566894,1.0,0.89794921875,0.0
GRPO29,HISTORICAL_FINAL256_OBSERVED,all,256,107,256,3013,8192,93,163,,"same n=32 pool, exact-combination subset estimator",29,0.41796875,0.3677978515625,0.45040795110887094,0.5151970070912124,0.5651282749469971,0.6045346048614125,0.63671875,93,11,7,6,5,3,3,5,4,2,6,2,1,3,6,2,1,5,5,1,3,4,6,6,2,2,2,3,11,6,10,12,18,256,256,249,0,2454,9.5859375,11,0.1193694313476521,0.11998404684439457,1.0,0.97265625,0.0,8192,8186,7888,0,78542,9.587646484375,14,0.1202813189630455,0.12088704889020532,0.999267578125,0.962890625,0.0
GRPO29,HISTORICAL_FINAL256_OBSERVED,add_sub_solvable,128,90,128,2528,4096,12,116,,"same n=32 pool, exact-combination subset estimator",29,0.703125,0.6171875,0.7323588709677419,0.8092683276557285,0.8566513399563143,0.885234144816823,0.90625,12,4,1,3,1,1,3,2,2,2,4,0,1,3,3,2,1,4,3,1,3,3,4,4,2,2,1,3,10,6,8,12,17,128,128,128,0,1237,9.6640625,11,0.10230482278549483,0.10295010580768692,1.0,1.0,0.0,4096,4092,4069,0,39570,9.66064453125,13,0.10453092310136851,0.10527312389572631,0.9990234375,0.993408203125,0.0
GRPO29,HISTORICAL_FINAL256_OBSERVED,requires_mul_or_div,128,17,128,485,4096,81,47,,"same n=32 pool, exact-combination subset estimator",29,0.1328125,0.118408203125,0.16845703125,0.2211256865266963,0.27360520993768006,0.323835064906002,0.3671875,81,7,6,3,4,2,0,3,2,0,2,2,0,0,3,0,0,1,2,0,0,1,2,2,0,0,1,0,1,0,2,0,1,128,128,121,0,1217,9.5078125,11,0.13671447719102806,0.1370179878811022,1.0,0.9453125,0.0,4096,4094,3819,0,38972,9.5146484375,14,0.13627339440814723,0.13650097388468435,0.99951171875,0.932373046875,0.0
GRPO29,CONFIRM128_RESERVED,all,128,44,128,1348,4096,46,82,,"same n=32 pool, exact-combination subset estimator",29,0.34375,0.3291015625,0.40454889112903225,0.47010654199110125,0.5292881097705903,0.5849096154306622,0.640625,46,11,4,4,2,4,2,1,2,1,2,1,2,1,0,2,4,0,1,2,2,1,1,0,1,1,2,2,3,7,2,6,8,128,128,118,0,1255,9.8046875,11,0.11938744101506532,0.1190286340048606,1.0,0.921875,0.0,4096,4091,3819,0,40206,9.81591796875,13,0.12045857290414039,0.12011532929600142,0.998779296875,0.932373046875,0.0
GRPO29,CONFIRM128_RESERVED,add_sub_solvable,64,40,64,1177,2048,6,58,,"same n=32 pool, exact-combination subset estimator",29,0.625,0.57470703125,0.6858933971774194,0.7646421370967742,0.8212785647989694,0.86605531140976,0.90625,6,4,1,2,1,2,1,0,1,1,2,0,1,0,0,2,4,0,1,2,1,1,1,0,1,1,2,2,3,6,2,6,7,64,64,63,0,622,9.71875,11,0.09863050233390538,0.09809004863773292,1.0,0.984375,0.0,2048,2047,2016,0,19914,9.7236328125,13,0.10288833781506997,0.10236890932950574,0.99951171875,0.984375,0.0
GRPO29,CONFIRM128_RESERVED,requires_mul_or_div,64,4,64,171,2048,40,24,,"same n=32 pool, exact-combination subset estimator",29,0.0625,0.08349609375,0.12320438508064516,0.17557094688542824,0.2372976547422112,0.30376391945156456,0.375,40,7,3,2,1,2,1,1,1,0,0,1,1,1,0,0,0,0,0,0,1,0,0,0,0,0,0,0,0,1,0,0,1,64,64,55,0,633,9.890625,11,0.13978367460066007,0.13996721937198828,1.0,0.859375,0.0,2048,2044,1803,0,20292,9.908203125,12,0.13770150911366869,0.1378617492624971,0.998046875,0.88037109375,0.0
PPO43,HISTORICAL_FINAL256_OBSERVED,all,256,77,256,2484,8192,121,135,PPO43 is a documented post-failure recovered trajectory; original slot192 commit identity is absent; historical memory-to-disk roundtrip and uninterrupted equivalence are not established.,"same n=32 pool, exact-combination subset estimator",43,0.30078125,0.30322265625,0.3491762222782258,0.38958869229699666,0.43120649917881215,0.47674117408431216,0.52734375,121,20,8,6,6,1,0,4,1,2,2,3,1,1,2,1,3,0,1,0,0,2,2,2,1,0,5,1,9,5,6,10,30,256,256,255,0,2458,9.6015625,11,0.08008543808753908,0.0811339896535039,1.0,0.99609375,0.0,8192,8188,8057,0,78613,9.5963134765625,13,0.08042925358319089,0.08141951116331013,0.99951171875,0.9835205078125,0.0
PPO43,HISTORICAL_FINAL256_OBSERVED,add_sub_solvable,128,76,128,2340,4096,25,103,PPO43 is a documented post-failure recovered trajectory; original slot192 commit identity is absent; historical memory-to-disk roundtrip and uninterrupted equivalence are not established.,"same n=32 pool, exact-combination subset estimator",43,0.59375,0.5712890625,0.640199722782258,0.6874098390572859,0.7261263308650162,0.7627131328629354,0.8046875,25,9,2,2,3,0,0,3,0,2,1,2,0,1,2,0,3,0,1,0,0,2,2,2,1,0,5,1,9,4,6,10,30,128,128,128,0,1237,9.6640625,11,0.06426479760865264,0.06580231841587038,1.0,1.0,0.0,4096,4093,4082,0,39587,9.664794921875,12,0.06332067739508046,0.06475214831692998,0.999267578125,0.99658203125,0.0
PPO43,HISTORICAL_FINAL256_OBSERVED,requires_mul_or_div,128,1,128,144,4096,96,32,PPO43 is a documented post-failure recovered trajectory; original slot192 commit identity is absent; historical memory-to-disk roundtrip and uninterrupted equivalence are not established.,"same n=32 pool, exact-combination subset estimator",43,0.0078125,0.03515625,0.05815272177419355,0.09176754553670745,0.13628666749260812,0.19076921530568897,0.25,96,11,6,4,3,1,0,1,1,0,1,1,1,0,0,1,0,0,0,0,0,0,0,0,0,0,0,0,0,1,0,0,0,128,128,127,0,1221,9.5390625,11,0.09611339244657473,0.0964656608911374,1.0,0.9921875,0.0,4096,4095,3975,0,39026,9.52783203125,13,0.09778376610199173,0.09808687400969028,0.999755859375,0.970458984375,0.0
PPO43,CONFIRM128_RESERVED,all,128,42,128,1278,4096,56,72,PPO43 is a documented post-failure recovered trajectory; original slot192 commit identity is absent; historical memory-to-disk roundtrip and uninterrupted equivalence are not established.,"same n=32 pool, exact-combination subset estimator",43,0.328125,0.31201171875,0.3645728326612903,0.4104877815628476,0.45922086016157554,0.5121322314931951,0.5625,56,9,5,4,5,1,1,0,1,2,1,1,0,0,0,2,0,0,2,0,0,3,0,0,0,5,2,2,2,1,4,4,15,128,128,127,0,1259,9.8359375,11,0.07068834359471564,0.07116185377949526,1.0,0.9921875,0.0,4096,4095,4031,0,40270,9.83154296875,14,0.07327368583143676,0.07371392830155056,0.999755859375,0.984130859375,0.0
PPO43,CONFIRM128_RESERVED,add_sub_solvable,64,39,64,1181,2048,10,54,PPO43 is a documented post-failure recovered trajectory; original slot192 commit identity is absent; historical memory-to-disk roundtrip and uninterrupted equivalence are not established.,"same n=32 pool, exact-combination subset estimator",43,0.609375,0.57666015625,0.6498235887096774,0.6982215482480534,0.741186438160159,0.7894663546480862,0.84375,10,5,3,2,0,1,0,0,0,2,0,1,0,0,0,2,0,0,1,0,0,2,0,0,0,5,2,2,2,1,4,4,15,64,64,64,0,623,9.734375,11,0.06032925911096917,0.060328670742145776,1.0,1.0,0.0,2048,2048,2045,0,19933,9.73291015625,11,0.06095426933719083,0.06089972206706811,1.0,0.99853515625,0.0
PPO43,CONFIRM128_RESERVED,requires_mul_or_div,64,3,64,97,2048,46,18,PPO43 is a documented post-failure recovered trajectory; original slot192 commit identity is absent; historical memory-to-disk roundtrip and uninterrupted equivalence are not established.,"same n=32 pool, exact-combination subset estimator",43,0.046875,0.04736328125,0.07932207661290322,0.12275401487764181,0.1772552821629921,0.23479810833830397,0.28125,46,4,2,2,5,0,1,0,1,0,1,0,0,0,0,0,0,0,1,0,0,1,0,0,0,0,0,0,0,0,0,0,0,64,64,63,0,636,9.9375,11,0.08083568578555533,0.08199503681684474,1.0,0.984375,0.0,2048,2047,1986,0,20337,9.93017578125,14,0.08534837378835287,0.08652813453603299,0.99951171875,0.9697265625,0.0
GRPO43,HISTORICAL_FINAL256_OBSERVED,all,256,90,256,2674,8192,102,154,,"same n=32 pool, exact-combination subset estimator",43,0.3515625,0.326416015625,0.39495652721774194,0.45160399575917687,0.5051001275752736,0.5574958036642049,0.6015625,102,13,15,5,10,2,3,2,2,4,5,0,2,1,3,2,0,2,2,3,4,1,4,4,2,2,5,6,8,7,5,12,18,256,256,250,0,2455,9.58984375,11,0.10311404540745134,0.10367757820088191,1.0,0.9765625,0.0,8192,8186,7853,0,78531,9.5863037109375,13,0.10739370539410438,0.10811840121302053,0.999267578125,0.9586181640625,0.0
GRPO43,HISTORICAL_FINAL256_OBSERVED,add_sub_solvable,128,77,128,2237,4096,19,109,,"same n=32 pool, exact-combination subset estimator",43,0.6015625,0.546142578125,0.6405147429435484,0.7076476032397108,0.7655955750929333,0.8174835255423364,0.8515625,19,4,6,5,6,1,2,0,1,3,4,0,0,0,2,1,0,1,2,2,4,0,3,4,1,1,5,6,6,6,5,11,17,128,128,128,0,1237,9.6640625,11,0.08003524290814491,0.07984132727630623,1.0,1.0,0.0,4096,4093,4039,0,39587,9.664794921875,13,0.08762241453666483,0.08772910826161522,0.999267578125,0.986083984375,0.0
GRPO43,HISTORICAL_FINAL256_OBSERVED,requires_mul_or_div,128,13,128,437,4096,83,45,,"same n=32 pool, exact-combination subset estimator",43,0.1015625,0.106689453125,0.14939831149193547,0.19556038827864294,0.24460468005761388,0.2975080817860736,0.3515625,83,9,9,0,4,1,1,2,1,1,1,0,2,1,1,1,0,1,0,1,0,1,1,0,1,1,0,0,2,1,0,1,1,128,128,122,0,1218,9.515625,11,0.12655286206725597,0.12751382912545758,1.0,0.953125,0.0,4096,4093,3814,0,38944,9.5078125,12,0.12749143780919958,0.12850769416442584,0.999267578125,0.93115234375,0.0
GRPO43,CONFIRM128_RESERVED,all,128,39,128,1240,4096,49,79,,"same n=32 pool, exact-combination subset estimator",43,0.3046875,0.302734375,0.3680065524193548,0.4255268440628476,0.48562865508803704,0.5491193837285642,0.6171875,49,14,4,5,1,4,4,2,0,2,1,0,0,0,2,0,1,0,1,2,3,1,0,1,1,2,3,1,4,3,1,11,5,128,128,122,0,1257,9.8203125,11,0.10192661941228782,0.10285387743645079,1.0,0.953125,0.0,4096,4093,3870,0,40232,9.822265625,11,0.10528423536880009,0.10594772945441255,0.999267578125,0.94482421875,0.0
GRPO43,CONFIRM128_RESERVED,add_sub_solvable,64,35,64,1074,2048,12,52,,"same n=32 pool, exact-combination subset estimator",43,0.546875,0.5244140625,0.6219443044354839,0.6925563994716352,0.747085932969206,0.7875530904703529,0.8125,12,2,1,2,1,3,1,1,0,2,1,0,0,0,2,0,1,0,1,2,3,1,0,1,1,1,2,1,4,1,1,11,5,64,64,64,0,623,9.734375,11,0.08449254641667697,0.0852991845841234,1.0,1.0,0.0,2048,2047,2007,0,19939,9.73583984375,11,0.08964120917404363,0.0902864299470849,0.99951171875,0.97998046875,0.0
GRPO43,CONFIRM128_RESERVED,requires_mul_or_div,64,4,64,166,2048,37,27,,"same n=32 pool, exact-combination subset estimator",43,0.0625,0.0810546875,0.1140688004032258,0.15849728865406007,0.22417137720686803,0.3106856769867754,0.421875,37,12,3,3,0,1,3,1,0,0,0,0,0,0,0,0,0,0,0,0,0,0,0,0,0,1,1,0,0,2,0,0,0,64,64,58,0,634,9.90625,11,0.11905820849157105,0.12040857028877816,1.0,0.90625,0.0,2048,2046,1863,0,20293,9.90869140625,11,0.12065437774781014,0.12160902896174021,0.9990234375,0.90966796875,0.0
RFT43,HISTORICAL_FINAL256_OBSERVED,all,256,91,256,2824,8192,142,114,,"same n=32 pool, exact-combination subset estimator",43,0.35546875,0.3447265625,0.3701329385080645,0.3889075969827586,0.4077413624498493,0.4270438527508671,0.4453125,142,7,3,2,3,2,3,1,0,0,0,1,0,0,1,0,0,3,1,0,1,1,0,1,1,2,0,4,1,5,6,15,50,256,256,255,0,2460,9.609375,11,0.04427160340664701,0.04482582816014298,1.0,0.99609375,0.0,8192,8187,8123,0,78712,9.6083984375,37,0.04571661230923172,0.045816519890510596,0.9993896484375,0.9915771484375,0.0
RFT43,HISTORICAL_FINAL256_OBSERVED,add_sub_solvable,128,80,128,2514,4096,37,91,,"same n=32 pool, exact-combination subset estimator",43,0.625,0.61376953125,0.6428616431451613,0.6597134837319244,0.6755677322499833,0.6923928072925902,0.7109375,37,4,1,0,2,1,1,0,0,0,0,1,0,0,0,0,0,1,1,0,1,0,0,1,1,0,0,4,1,3,4,15,49,128,128,127,0,1238,9.671875,11,0.029274410108141483,0.030031609197553873,1.0,0.9921875,0.0,4096,4093,4065,0,39608,9.669921875,12,0.0294315736497954,0.030226480264921335,0.999267578125,0.992431640625,0.0
RFT43,HISTORICAL_FINAL256_OBSERVED,requires_mul_or_div,128,11,128,310,4096,105,23,,"same n=32 pool, exact-combination subset estimator",43,0.0859375,0.07568359375,0.09740423387096774,0.11810171023359288,0.13991499264971527,0.16169489820914387,0.1796875,105,3,2,2,1,1,2,1,0,0,0,0,0,0,1,0,0,2,0,0,0,1,0,0,0,2,0,0,0,2,2,0,1,128,128,128,0,1222,9.546875,11,0.05946515930153232,0.05962004712273209,1.0,1.0,0.0,4096,4094,4058,0,39104,9.546875,37,0.062211544061046876,0.06140655951609985,0.99951171875,0.99072265625,0.0
RFT43,CONFIRM128_RESERVED,all,128,44,128,1364,4096,70,58,,"same n=32 pool, exact-combination subset estimator",43,0.34375,0.3330078125,0.3574061239919355,0.3755850684788654,0.39447317042083796,0.41919812103356924,0.453125,70,7,3,1,0,0,0,1,0,1,1,0,0,0,0,0,0,0,0,1,0,3,0,1,0,0,2,1,0,2,2,4,28,128,128,128,0,1260,9.84375,11,0.04167059638399143,0.04208909422002698,1.0,1.0,0.0,4096,4088,4035,0,40341,9.848876953125,13,0.04361020044025223,0.0440962708868422,0.998046875,0.985107421875,0.0
RFT43,CONFIRM128_RESERVED,add_sub_solvable,64,39,64,1207,2048,15,49,,"same n=32 pool, exact-combination subset estimator",43,0.609375,0.58935546875,0.6215977822580645,0.644949683676307,0.6708165991058441,0.7094190304041528,0.765625,15,6,2,1,0,0,0,0,0,1,0,0,0,0,0,0,0,0,0,1,0,2,0,1,0,0,1,1,0,1,1,3,28,64,64,64,0,623,9.734375,11,0.029556331784294464,0.030017746745364796,1.0,1.0,0.0,2048,2044,2023,0,19967,9.74951171875,13,0.031196656382478833,0.03162726784827665,0.998046875,0.98779296875,0.0
RFT43,CONFIRM128_RESERVED,requires_mul_or_div,64,5,64,157,2048,55,9,,"same n=32 pool, exact-combination subset estimator",43,0.078125,0.07666015625,0.09321446572580645,0.10622045328142381,0.11812974173583184,0.1289772116629857,0.140625,55,1,1,0,0,0,0,1,0,0,1,0,0,0,0,0,0,0,0,0,0,1,0,0,0,0,1,0,0,1,1,1,0,64,64,64,0,637,9.953125,11,0.05351861341006869,0.05416044169468917,1.0,1.0,0.0,2048,2044,2012,0,20374,9.9482421875,11,0.05577576607299789,0.05656527392540774,0.998046875,0.982421875,0.0
