suite,band,metric,matched_seeds,learned_mean_percent,learned_SD_pp,zero_mean_percent,zero_SD_pp,paired_mean_difference_pp,paired_SD_difference_pp
HISTORICAL_FINAL256_OBSERVED,all,greedy,"17,29",35.546875,4.9718445552179125,37.109375,1.6572815184059706,1.5625,6.629126073623882
HISTORICAL_FINAL256_OBSERVED,all,pass@1,"17,29",33.441162109375,2.5118173013340495,35.052490234375,0.6301122439772701,1.611328125,3.1419295453113194
HISTORICAL_FINAL256_OBSERVED,all,pass@2,"17,29",40.385190902217744,5.187357978478366,43.32511655745967,0.05179004745018658,2.9399256552419315,5.239148025928553
HISTORICAL_FINAL256_OBSERVED,all,pass@4,"17,29",46.09580306243048,6.811752720739289,49.44541786881257,0.25319322715617354,3.3496148063820925,6.558559493583116
HISTORICAL_FINAL256_OBSERVED,all,pass@8,"17,29",51.11689769630667,7.7671423572347855,53.96988015455801,0.5998013887120793,2.8529824582513323,7.167340968522705
HISTORICAL_FINAL256_OBSERVED,all,pass@16,"17,29",55.51582699805606,8.582230988058146,58.09229104744054,1.3551576802224983,2.576464049384475,7.2270733078356475
HISTORICAL_FINAL256_OBSERVED,all,pass@32,"17,29",59.5703125,9.66747552403483,62.6953125,3.0383494504109465,3.125,6.629126073623882
HISTORICAL_FINAL256_OBSERVED,add_sub_solvable,greedy,"17,29",61.328125,6.076698900821893,62.5,8.838834764831844,1.171875,14.915533665653738
HISTORICAL_FINAL256_OBSERVED,add_sub_solvable,pass@1,"17,29",57.65380859375,2.5377123250591427,60.41259765625,4.436680731565984,2.7587890625,6.974393056625126
HISTORICAL_FINAL256_OBSERVED,add_sub_solvable,pass@2,"17,29",68.17666330645162,6.417510825977963,73.19099672379032,4.469536783174169,5.014333417338712,10.887047609152132
HISTORICAL_FINAL256_OBSERVED,add_sub_solvable,pass@4,"17,29",75.97474841838154,8.239629484655488,81.76543816045606,4.591259717092313,5.7906897420745285,12.8308892017478
HISTORICAL_FINAL256_OBSERVED,add_sub_solvable,pass@8,"17,29",82.09648310860595,8.754933565100536,87.10804023552998,4.467859052769564,5.011557126924027,13.2227926178701
HISTORICAL_FINAL256_OBSERVED,add_sub_solvable,pass@16,"17,29",86.66918219632298,8.430494984961378,91.04581255553855,4.162712023644564,4.3766303592155555,12.593207008605942
HISTORICAL_FINAL256_OBSERVED,add_sub_solvable,pass@32,"17,29",89.84375,7.733980419227864,94.140625,3.866990209613932,4.296875,11.600970628841795
HISTORICAL_FINAL256_OBSERVED,requires_mul_or_div,greedy,"17,29",9.765625,3.866990209613932,11.71875,5.524271728019903,1.953125,1.6572815184059706
HISTORICAL_FINAL256_OBSERVED,requires_mul_or_div,pass@1,"17,29",9.228515625,2.4859222776089562,9.6923828125,3.176456243611444,0.4638671875,0.6905339660024878
HISTORICAL_FINAL256_OBSERVED,requires_mul_or_div,pass@2,"17,29",12.593718497983872,3.957205130978774,13.459236391129032,4.365956688273794,0.865517893145161,0.4087515572950202
HISTORICAL_FINAL256_OBSERVED,requires_mul_or_div,pass@4,"17,29",16.21685770647942,5.38387595682309,17.12539757716908,5.097646171404662,0.9085398706896542,0.2862297854184279
HISTORICAL_FINAL256_OBSERVED,requires_mul_or_div,pass@8,"17,29",20.137312284007397,6.77935114936902,20.831720073586034,5.667461830193711,0.6944077895786396,1.111889319175308
HISTORICAL_FINAL256_OBSERVED,requires_mul_or_div,pass@16,"17,29",24.362471799789127,8.733966991154915,25.138769539342526,6.873027384089571,0.7762977395533985,1.8609396070653448
HISTORICAL_FINAL256_OBSERVED,requires_mul_or_div,pass@32,"17,29",29.296875,11.600970628841795,31.25,9.943689110435825,1.953125,1.6572815184059706
CONFIRM128_RESERVED,all,greedy,"17,29",33.203125,2.7621358640099514,34.375,3.314563036811941,1.171875,0.5524271728019903
CONFIRM128_RESERVED,all,pass@1,"17,29",30.95703125,2.3823421827085833,34.0576171875,0.03452669830012439,3.1005859375,2.3478154844084584
CONFIRM128_RESERVED,all,pass@2,"17,29",36.79908014112903,4.512973597164647,41.3786857358871,1.0970579943749232,4.579605594758066,3.4159156027897244
CONFIRM128_RESERVED,all,pass@4,"17,29",41.25672405102892,5.739911889994918,46.946900636123466,1.3679946415696425,5.69017658509455,4.371917248425276
CONFIRM128_RESERVED,all,pass@8,"17,29",45.21964397763897,6.802674749288565,51.36608662848321,0.7423870053183207,6.146442650844245,6.060287743970244
CONFIRM128_RESERVED,all,pass@16,"17,29",49.41918594439173,8.49090803048487,55.352491233275394,0.21895594130111948,5.933305288883653,8.709863971785989
CONFIRM128_RESERVED,all,pass@32,"17,29",54.296875,10.496116283237814,60.15625,1.1048543456039805,5.859375,11.600970628841795
CONFIRM128_RESERVED,add_sub_solvable,greedy,"17,29",57.8125,2.209708691207961,59.375,2.209708691207961,1.5625,0.0
CONFIRM128_RESERVED,add_sub_solvable,pass@1,"17,29",54.248046875,1.5191747252054733,58.642578125,3.4526698300124394,4.39453125,4.9718445552179125
CONFIRM128_RESERVED,add_sub_solvable,pass@2,"17,29",63.355279737903224,4.488470779016171,69.70923639112902,2.5683408477447327,6.353956653225806,7.056811626760903
CONFIRM128_RESERVED,add_sub_solvable,pass@4,"17,29",70.00419302697442,5.5998233641667445,77.35178844549499,3.0375506124525034,7.34759541852058,8.637373976619248
CONFIRM128_RESERVED,add_sub_solvable,pass@8,"17,29",75.43022629310346,6.08636363214584,82.58467600812394,4.489824890762635,7.154449715020483,10.576188522908476
CONFIRM128_RESERVED,add_sub_solvable,pass@16,"17,29",80.15435010334059,7.130532983300432,86.52934621269004,5.731339078123461,6.374996109349445,12.861872061423893
CONFIRM128_RESERVED,add_sub_solvable,pass@32,"17,29",84.375,8.838834764831844,90.625,6.629126073623882,6.25,15.467960838455728
CONFIRM128_RESERVED,requires_mul_or_div,greedy,"17,29",8.59375,3.314563036811941,9.375,4.419417382415922,0.78125,1.1048543456039805
CONFIRM128_RESERVED,requires_mul_or_div,pass@1,"17,29",7.666015625,3.2455096402116927,9.47265625,3.521723226612688,1.806640625,0.27621358640099514
CONFIRM128_RESERVED,requires_mul_or_div,pass@2,"17,29",10.24288054435484,4.537476415313122,13.048135080645162,4.762456836494577,2.805254536290322,0.22498042118145517
CONFIRM128_RESERVED,requires_mul_or_div,pass@4,"17,29",12.509255075083425,5.880000415823098,16.542012826751947,5.77353989559179,4.03275775166852,0.10646052023130784
CONFIRM128_RESERVED,requires_mul_or_div,pass@8,"17,29",15.009061662174494,7.518985866431295,20.147497248842495,5.9745989013992595,5.138435586667998,1.5443869650320357
CONFIRM128_RESERVED,requires_mul_or_div,pass@16,"17,29",18.684021785442877,9.851283077669303,24.175636253860734,5.29342719552121,5.4916144684178585,4.557855882148092
CONFIRM128_RESERVED,requires_mul_or_div,pass@32,"17,29",24.21875,12.153397801643786,29.6875,4.419417382415922,5.46875,7.733980419227864
