suite,band,policy,metric,questions,rate,percent,PPO43_caveat
HISTORICAL_FINAL256_OBSERVED,all,SFT,greedy,256,0.34375,34.375,
HISTORICAL_FINAL256_OBSERVED,all,SFT,pass@1,256,0.2220458984375,22.20458984375,
HISTORICAL_FINAL256_OBSERVED,all,SFT,pass@2,256,0.35395665322580644,35.39566532258064,
HISTORICAL_FINAL256_OBSERVED,all,SFT,pass@4,256,0.5036629240823137,50.366292408231374,
HISTORICAL_FINAL256_OBSERVED,all,SFT,pass@8,256,0.6428394667656608,64.28394667656609,
HISTORICAL_FINAL256_OBSERVED,all,SFT,pass@16,256,0.7520414318171527,75.20414318171527,
HISTORICAL_FINAL256_OBSERVED,all,SFT,pass@32,256,0.81640625,81.640625,
HISTORICAL_FINAL256_OBSERVED,all,PPO17,greedy,256,0.390625,39.0625,
HISTORICAL_FINAL256_OBSERVED,all,PPO17,pass@1,256,0.3521728515625,35.21728515625,
HISTORICAL_FINAL256_OBSERVED,all,PPO17,pass@2,256,0.4405320690524194,44.053206905241936,
HISTORICAL_FINAL256_OBSERVED,all,PPO17,pass@4,256,0.5091243960303115,50.912439603031146,
HISTORICAL_FINAL256_OBSERVED,all,PPO17,pass@8,256,0.5660909672754866,56.60909672754866,
HISTORICAL_FINAL256_OBSERVED,all,PPO17,pass@16,256,0.615843807274213,61.5843807274213,
HISTORICAL_FINAL256_OBSERVED,all,PPO17,pass@32,256,0.6640625,66.40625,
HISTORICAL_FINAL256_OBSERVED,all,PPO29,greedy,256,0.3203125,32.03125,
HISTORICAL_FINAL256_OBSERVED,all,PPO29,pass@1,256,0.316650390625,31.6650390625,
HISTORICAL_FINAL256_OBSERVED,all,PPO29,pass@2,256,0.3671717489919355,36.71717489919355,
HISTORICAL_FINAL256_OBSERVED,all,PPO29,pass@4,256,0.41279166521829813,41.279166521829815,
HISTORICAL_FINAL256_OBSERVED,all,PPO29,pass@8,256,0.45624698665064695,45.62469866506469,
HISTORICAL_FINAL256_OBSERVED,all,PPO29,pass@16,256,0.49447273268690817,49.447273268690815,
HISTORICAL_FINAL256_OBSERVED,all,PPO29,pass@32,256,0.52734375,52.734375,
HISTORICAL_FINAL256_OBSERVED,all,PPO43,greedy,256,0.30078125,30.078125,PPO43 is a documented post-failure recovered trajectory; original slot192 commit identity is absent; historical memory-to-disk roundtrip and uninterrupted equivalence are not established.
HISTORICAL_FINAL256_OBSERVED,all,PPO43,pass@1,256,0.30322265625,30.322265625,PPO43 is a documented post-failure recovered trajectory; original slot192 commit identity is absent; historical memory-to-disk roundtrip and uninterrupted equivalence are not established.
HISTORICAL_FINAL256_OBSERVED,all,PPO43,pass@2,256,0.3491762222782258,34.917622227822584,PPO43 is a documented post-failure recovered trajectory; original slot192 commit identity is absent; historical memory-to-disk roundtrip and uninterrupted equivalence are not established.
HISTORICAL_FINAL256_OBSERVED,all,PPO43,pass@4,256,0.38958869229699666,38.958869229699665,PPO43 is a documented post-failure recovered trajectory; original slot192 commit identity is absent; historical memory-to-disk roundtrip and uninterrupted equivalence are not established.
HISTORICAL_FINAL256_OBSERVED,all,PPO43,pass@8,256,0.43120649917881215,43.12064991788122,PPO43 is a documented post-failure recovered trajectory; original slot192 commit identity is absent; historical memory-to-disk roundtrip and uninterrupted equivalence are not established.
HISTORICAL_FINAL256_OBSERVED,all,PPO43,pass@16,256,0.47674117408431216,47.674117408431215,PPO43 is a documented post-failure recovered trajectory; original slot192 commit identity is absent; historical memory-to-disk roundtrip and uninterrupted equivalence are not established.
HISTORICAL_FINAL256_OBSERVED,all,PPO43,pass@32,256,0.52734375,52.734375,PPO43 is a documented post-failure recovered trajectory; original slot192 commit identity is absent; historical memory-to-disk roundtrip and uninterrupted equivalence are not established.
HISTORICAL_FINAL256_OBSERVED,all,PPO_ZERO17,greedy,256,0.359375,35.9375,
HISTORICAL_FINAL256_OBSERVED,all,PPO_ZERO17,pass@1,256,0.3460693359375,34.60693359375,
HISTORICAL_FINAL256_OBSERVED,all,PPO_ZERO17,pass@2,256,0.43288495463709675,43.28849546370967,
HISTORICAL_FINAL256_OBSERVED,all,PPO_ZERO17,pass@4,256,0.4962445251668521,49.62445251668521,
HISTORICAL_FINAL256_OBSERVED,all,PPO_ZERO17,pass@8,256,0.5439400378388143,54.39400378388143,
HISTORICAL_FINAL256_OBSERVED,all,PPO_ZERO17,pass@16,256,0.5905053223270289,59.05053223270289,
HISTORICAL_FINAL256_OBSERVED,all,PPO_ZERO17,pass@32,256,0.6484375,64.84375,
HISTORICAL_FINAL256_OBSERVED,all,PPO_ZERO29,greedy,256,0.3828125,38.28125,
HISTORICAL_FINAL256_OBSERVED,all,PPO_ZERO29,pass@1,256,0.35498046875,35.498046875,
HISTORICAL_FINAL256_OBSERVED,all,PPO_ZERO29,pass@2,256,0.43361737651209675,43.36173765120967,
HISTORICAL_FINAL256_OBSERVED,all,PPO_ZERO29,pass@4,256,0.49266383220939935,49.266383220939936,
HISTORICAL_FINAL256_OBSERVED,all,PPO_ZERO29,pass@8,256,0.5354575652523459,53.54575652523459,
HISTORICAL_FINAL256_OBSERVED,all,PPO_ZERO29,pass@16,256,0.5713404986217817,57.13404986217817,
HISTORICAL_FINAL256_OBSERVED,all,PPO_ZERO29,pass@32,256,0.60546875,60.546875,
HISTORICAL_FINAL256_OBSERVED,all,PPO_ZERO43,greedy,256,0.40234375,40.234375,
HISTORICAL_FINAL256_OBSERVED,all,PPO_ZERO43,pass@1,256,0.3714599609375,37.14599609375,
HISTORICAL_FINAL256_OBSERVED,all,PPO_ZERO43,pass@2,256,0.42897870463709675,42.89787046370967,
HISTORICAL_FINAL256_OBSERVED,all,PPO_ZERO43,pass@4,256,0.47569662906701893,47.56966290670189,
HISTORICAL_FINAL256_OBSERVED,all,PPO_ZERO43,pass@8,256,0.5197413328882756,51.97413328882756,
HISTORICAL_FINAL256_OBSERVED,all,PPO_ZERO43,pass@16,256,0.564759718420838,56.47597184208381,
HISTORICAL_FINAL256_OBSERVED,all,PPO_ZERO43,pass@32,256,0.6015625,60.15625,
HISTORICAL_FINAL256_OBSERVED,add_sub_solvable,SFT,greedy,128,0.59375,59.375,
HISTORICAL_FINAL256_OBSERVED,add_sub_solvable,SFT,pass@1,128,0.341796875,34.1796875,
HISTORICAL_FINAL256_OBSERVED,add_sub_solvable,SFT,pass@2,128,0.5269027217741935,52.69027217741935,
HISTORICAL_FINAL256_OBSERVED,add_sub_solvable,SFT,pass@4,128,0.71253215378198,71.25321537819799,
HISTORICAL_FINAL256_OBSERVED,add_sub_solvable,SFT,pass@8,128,0.8531030702145309,85.31030702145308,
HISTORICAL_FINAL256_OBSERVED,add_sub_solvable,SFT,pass@16,128,0.9347565517219127,93.47565517219127,
HISTORICAL_FINAL256_OBSERVED,add_sub_solvable,SFT,pass@32,128,0.9609375,96.09375,
HISTORICAL_FINAL256_OBSERVED,add_sub_solvable,PPO17,greedy,128,0.65625,65.625,
HISTORICAL_FINAL256_OBSERVED,add_sub_solvable,PPO17,pass@1,128,0.594482421875,59.4482421875,
HISTORICAL_FINAL256_OBSERVED,add_sub_solvable,PPO17,pass@2,128,0.7271452872983871,72.71452872983872,
HISTORICAL_FINAL256_OBSERVED,add_sub_solvable,PPO17,pass@4,128,0.8180104630144605,81.80104630144605,
HISTORICAL_FINAL256_OBSERVED,add_sub_solvable,PPO17,pass@8,128,0.8828715600132626,88.28715600132627,
HISTORICAL_FINAL256_OBSERVED,add_sub_solvable,PPO17,pass@16,128,0.9263044236894835,92.63044236894835,
HISTORICAL_FINAL256_OBSERVED,add_sub_solvable,PPO17,pass@32,128,0.953125,95.3125,
HISTORICAL_FINAL256_OBSERVED,add_sub_solvable,PPO29,greedy,128,0.5703125,57.03125,
HISTORICAL_FINAL256_OBSERVED,add_sub_solvable,PPO29,pass@1,128,0.55859375,55.859375,
HISTORICAL_FINAL256_OBSERVED,add_sub_solvable,PPO29,pass@2,128,0.6363879788306451,63.63879788306451,
HISTORICAL_FINAL256_OBSERVED,add_sub_solvable,PPO29,pass@4,128,0.7014845053531702,70.14845053531702,
HISTORICAL_FINAL256_OBSERVED,add_sub_solvable,PPO29,pass@8,128,0.7590581021588565,75.90581021588565,
HISTORICAL_FINAL256_OBSERVED,add_sub_solvable,PPO29,pass@16,128,0.8070792202369761,80.7079220236976,
HISTORICAL_FINAL256_OBSERVED,add_sub_solvable,PPO29,pass@32,128,0.84375,84.375,
HISTORICAL_FINAL256_OBSERVED,add_sub_solvable,PPO43,greedy,128,0.59375,59.375,PPO43 is a documented post-failure recovered trajectory; original slot192 commit identity is absent; historical memory-to-disk roundtrip and uninterrupted equivalence are not established.
HISTORICAL_FINAL256_OBSERVED,add_sub_solvable,PPO43,pass@1,128,0.5712890625,57.12890625,PPO43 is a documented post-failure recovered trajectory; original slot192 commit identity is absent; historical memory-to-disk roundtrip and uninterrupted equivalence are not established.
HISTORICAL_FINAL256_OBSERVED,add_sub_solvable,PPO43,pass@2,128,0.640199722782258,64.0199722782258,PPO43 is a documented post-failure recovered trajectory; original slot192 commit identity is absent; historical memory-to-disk roundtrip and uninterrupted equivalence are not established.
HISTORICAL_FINAL256_OBSERVED,add_sub_solvable,PPO43,pass@4,128,0.6874098390572859,68.7409839057286,PPO43 is a documented post-failure recovered trajectory; original slot192 commit identity is absent; historical memory-to-disk roundtrip and uninterrupted equivalence are not established.
HISTORICAL_FINAL256_OBSERVED,add_sub_solvable,PPO43,pass@8,128,0.7261263308650162,72.61263308650162,PPO43 is a documented post-failure recovered trajectory; original slot192 commit identity is absent; historical memory-to-disk roundtrip and uninterrupted equivalence are not established.
HISTORICAL_FINAL256_OBSERVED,add_sub_solvable,PPO43,pass@16,128,0.7627131328629354,76.27131328629353,PPO43 is a documented post-failure recovered trajectory; original slot192 commit identity is absent; historical memory-to-disk roundtrip and uninterrupted equivalence are not established.
HISTORICAL_FINAL256_OBSERVED,add_sub_solvable,PPO43,pass@32,128,0.8046875,80.46875,PPO43 is a documented post-failure recovered trajectory; original slot192 commit identity is absent; historical memory-to-disk roundtrip and uninterrupted equivalence are not established.
HISTORICAL_FINAL256_OBSERVED,add_sub_solvable,PPO_ZERO17,greedy,128,0.5625,56.25,
HISTORICAL_FINAL256_OBSERVED,add_sub_solvable,PPO_ZERO17,pass@1,128,0.57275390625,57.275390625,
HISTORICAL_FINAL256_OBSERVED,add_sub_solvable,PPO_ZERO17,pass@2,128,0.7003055695564516,70.03055695564517,
HISTORICAL_FINAL256_OBSERVED,add_sub_solvable,PPO_ZERO17,pass@4,128,0.7851892728031146,78.51892728031146,
HISTORICAL_FINAL256_OBSERVED,add_sub_solvable,PPO_ZERO17,pass@8,128,0.8394878680193092,83.94878680193092,
HISTORICAL_FINAL256_OBSERVED,add_sub_solvable,PPO_ZERO17,pass@16,128,0.8810233065549269,88.1023306554927,
HISTORICAL_FINAL256_OBSERVED,add_sub_solvable,PPO_ZERO17,pass@32,128,0.9140625,91.40625,
HISTORICAL_FINAL256_OBSERVED,add_sub_solvable,PPO_ZERO29,greedy,128,0.6875,68.75,
HISTORICAL_FINAL256_OBSERVED,add_sub_solvable,PPO_ZERO29,pass@1,128,0.635498046875,63.5498046875,
HISTORICAL_FINAL256_OBSERVED,add_sub_solvable,PPO_ZERO29,pass@2,128,0.7635143649193549,76.35143649193549,
HISTORICAL_FINAL256_OBSERVED,add_sub_solvable,PPO_ZERO29,pass@4,128,0.8501194904060067,85.01194904060067,
HISTORICAL_FINAL256_OBSERVED,add_sub_solvable,PPO_ZERO29,pass@8,128,0.9026729366912905,90.26729366912905,
HISTORICAL_FINAL256_OBSERVED,add_sub_solvable,PPO_ZERO29,pass@16,128,0.9398929445558438,93.98929445558439,
HISTORICAL_FINAL256_OBSERVED,add_sub_solvable,PPO_ZERO29,pass@32,128,0.96875,96.875,
HISTORICAL_FINAL256_OBSERVED,add_sub_solvable,PPO_ZERO43,greedy,128,0.703125,70.3125,
HISTORICAL_FINAL256_OBSERVED,add_sub_solvable,PPO_ZERO43,pass@1,128,0.6474609375,64.74609375,
HISTORICAL_FINAL256_OBSERVED,add_sub_solvable,PPO_ZERO43,pass@2,128,0.7259797127016129,72.59797127016128,
HISTORICAL_FINAL256_OBSERVED,add_sub_solvable,PPO_ZERO43,pass@4,128,0.7797898272385985,77.97898272385984,
HISTORICAL_FINAL256_OBSERVED,add_sub_solvable,PPO_ZERO43,pass@8,128,0.8252042214521358,82.52042214521357,
HISTORICAL_FINAL256_OBSERVED,add_sub_solvable,PPO_ZERO43,pass@16,128,0.8712515655689791,87.1251565568979,
HISTORICAL_FINAL256_OBSERVED,add_sub_solvable,PPO_ZERO43,pass@32,128,0.9140625,91.40625,
HISTORICAL_FINAL256_OBSERVED,requires_mul_or_div,SFT,greedy,128,0.09375,9.375,
HISTORICAL_FINAL256_OBSERVED,requires_mul_or_div,SFT,pass@1,128,0.102294921875,10.2294921875,
HISTORICAL_FINAL256_OBSERVED,requires_mul_or_div,SFT,pass@2,128,0.18101058467741934,18.101058467741936,
HISTORICAL_FINAL256_OBSERVED,requires_mul_or_div,SFT,pass@4,128,0.29479369438264735,29.479369438264737,
HISTORICAL_FINAL256_OBSERVED,requires_mul_or_div,SFT,pass@8,128,0.43257586331679077,43.25758633167908,
HISTORICAL_FINAL256_OBSERVED,requires_mul_or_div,SFT,pass@16,128,0.5693263119123925,56.932631191239246,
HISTORICAL_FINAL256_OBSERVED,requires_mul_or_div,SFT,pass@32,128,0.671875,67.1875,
HISTORICAL_FINAL256_OBSERVED,requires_mul_or_div,PPO17,greedy,128,0.125,12.5,
HISTORICAL_FINAL256_OBSERVED,requires_mul_or_div,PPO17,pass@1,128,0.10986328125,10.986328125,
HISTORICAL_FINAL256_OBSERVED,requires_mul_or_div,PPO17,pass@2,128,0.15391885080645162,15.391885080645162,
HISTORICAL_FINAL256_OBSERVED,requires_mul_or_div,PPO17,pass@4,128,0.2002383290461624,20.02383290461624,
HISTORICAL_FINAL256_OBSERVED,requires_mul_or_div,PPO17,pass@8,128,0.24931037453771046,24.931037453771047,
HISTORICAL_FINAL256_OBSERVED,requires_mul_or_div,PPO17,pass@16,128,0.30538319085894233,30.538319085894233,
HISTORICAL_FINAL256_OBSERVED,requires_mul_or_div,PPO17,pass@32,128,0.375,37.5,
HISTORICAL_FINAL256_OBSERVED,requires_mul_or_div,PPO29,greedy,128,0.0703125,7.03125,
HISTORICAL_FINAL256_OBSERVED,requires_mul_or_div,PPO29,pass@1,128,0.07470703125,7.470703125,
HISTORICAL_FINAL256_OBSERVED,requires_mul_or_div,PPO29,pass@2,128,0.0979555191532258,9.79555191532258,
HISTORICAL_FINAL256_OBSERVED,requires_mul_or_div,PPO29,pass@4,128,0.12409882508342603,12.409882508342603,
HISTORICAL_FINAL256_OBSERVED,requires_mul_or_div,PPO29,pass@8,128,0.15343587114243748,15.343587114243748,
HISTORICAL_FINAL256_OBSERVED,requires_mul_or_div,PPO29,pass@16,128,0.1818662451368402,18.18662451368402,
HISTORICAL_FINAL256_OBSERVED,requires_mul_or_div,PPO29,pass@32,128,0.2109375,21.09375,
HISTORICAL_FINAL256_OBSERVED,requires_mul_or_div,PPO43,greedy,128,0.0078125,0.78125,PPO43 is a documented post-failure recovered trajectory; original slot192 commit identity is absent; historical memory-to-disk roundtrip and uninterrupted equivalence are not established.
HISTORICAL_FINAL256_OBSERVED,requires_mul_or_div,PPO43,pass@1,128,0.03515625,3.515625,PPO43 is a documented post-failure recovered trajectory; original slot192 commit identity is absent; historical memory-to-disk roundtrip and uninterrupted equivalence are not established.
HISTORICAL_FINAL256_OBSERVED,requires_mul_or_div,PPO43,pass@2,128,0.05815272177419355,5.815272177419355,PPO43 is a documented post-failure recovered trajectory; original slot192 commit identity is absent; historical memory-to-disk roundtrip and uninterrupted equivalence are not established.
HISTORICAL_FINAL256_OBSERVED,requires_mul_or_div,PPO43,pass@4,128,0.09176754553670745,9.176754553670746,PPO43 is a documented post-failure recovered trajectory; original slot192 commit identity is absent; historical memory-to-disk roundtrip and uninterrupted equivalence are not established.
HISTORICAL_FINAL256_OBSERVED,requires_mul_or_div,PPO43,pass@8,128,0.13628666749260812,13.628666749260812,PPO43 is a documented post-failure recovered trajectory; original slot192 commit identity is absent; historical memory-to-disk roundtrip and uninterrupted equivalence are not established.
HISTORICAL_FINAL256_OBSERVED,requires_mul_or_div,PPO43,pass@16,128,0.19076921530568897,19.076921530568896,PPO43 is a documented post-failure recovered trajectory; original slot192 commit identity is absent; historical memory-to-disk roundtrip and uninterrupted equivalence are not established.
HISTORICAL_FINAL256_OBSERVED,requires_mul_or_div,PPO43,pass@32,128,0.25,25.0,PPO43 is a documented post-failure recovered trajectory; original slot192 commit identity is absent; historical memory-to-disk roundtrip and uninterrupted equivalence are not established.
HISTORICAL_FINAL256_OBSERVED,requires_mul_or_div,PPO_ZERO17,greedy,128,0.15625,15.625,
HISTORICAL_FINAL256_OBSERVED,requires_mul_or_div,PPO_ZERO17,pass@1,128,0.119384765625,11.9384765625,
HISTORICAL_FINAL256_OBSERVED,requires_mul_or_div,PPO_ZERO17,pass@2,128,0.16546433971774194,16.546433971774192,
HISTORICAL_FINAL256_OBSERVED,requires_mul_or_div,PPO_ZERO17,pass@4,128,0.20729977753058954,20.729977753058954,
HISTORICAL_FINAL256_OBSERVED,requires_mul_or_div,PPO_ZERO17,pass@8,128,0.24839220765831932,24.839220765831932,
HISTORICAL_FINAL256_OBSERVED,requires_mul_or_div,PPO_ZERO17,pass@16,128,0.299987338099131,29.998733809913098,
HISTORICAL_FINAL256_OBSERVED,requires_mul_or_div,PPO_ZERO17,pass@32,128,0.3828125,38.28125,
HISTORICAL_FINAL256_OBSERVED,requires_mul_or_div,PPO_ZERO29,greedy,128,0.078125,7.8125,
HISTORICAL_FINAL256_OBSERVED,requires_mul_or_div,PPO_ZERO29,pass@1,128,0.074462890625,7.4462890625,
HISTORICAL_FINAL256_OBSERVED,requires_mul_or_div,PPO_ZERO29,pass@2,128,0.1037203881048387,10.37203881048387,
HISTORICAL_FINAL256_OBSERVED,requires_mul_or_div,PPO_ZERO29,pass@4,128,0.13520817401279198,13.520817401279198,
HISTORICAL_FINAL256_OBSERVED,requires_mul_or_div,PPO_ZERO29,pass@8,128,0.16824219381340141,16.824219381340143,
HISTORICAL_FINAL256_OBSERVED,requires_mul_or_div,PPO_ZERO29,pass@16,128,0.20278805268771952,20.27880526877195,
HISTORICAL_FINAL256_OBSERVED,requires_mul_or_div,PPO_ZERO29,pass@32,128,0.2421875,24.21875,
HISTORICAL_FINAL256_OBSERVED,requires_mul_or_div,PPO_ZERO43,greedy,128,0.1015625,10.15625,
HISTORICAL_FINAL256_OBSERVED,requires_mul_or_div,PPO_ZERO43,pass@1,128,0.095458984375,9.5458984375,
HISTORICAL_FINAL256_OBSERVED,requires_mul_or_div,PPO_ZERO43,pass@2,128,0.13197769657258066,13.197769657258066,
HISTORICAL_FINAL256_OBSERVED,requires_mul_or_div,PPO_ZERO43,pass@4,128,0.1716034308954394,17.16034308954394,
HISTORICAL_FINAL256_OBSERVED,requires_mul_or_div,PPO_ZERO43,pass@8,128,0.21427844432441553,21.427844432441553,
HISTORICAL_FINAL256_OBSERVED,requires_mul_or_div,PPO_ZERO43,pass@16,128,0.25826787127269696,25.826787127269696,
HISTORICAL_FINAL256_OBSERVED,requires_mul_or_div,PPO_ZERO43,pass@32,128,0.2890625,28.90625,
CONFIRM128_RESERVED,all,SFT,greedy,128,0.34375,34.375,
CONFIRM128_RESERVED,all,SFT,pass@1,128,0.2177734375,21.77734375,
CONFIRM128_RESERVED,all,SFT,pass@2,128,0.3450730846774194,34.507308467741936,
CONFIRM128_RESERVED,all,SFT,pass@4,128,0.49267958321746386,49.267958321746384,
CONFIRM128_RESERVED,all,SFT,pass@8,128,0.6410882855653955,64.10882855653955,
CONFIRM128_RESERVED,all,SFT,pass@16,128,0.7691380237919382,76.91380237919383,
CONFIRM128_RESERVED,all,SFT,pass@32,128,0.8515625,85.15625,
CONFIRM128_RESERVED,all,PPO17,greedy,128,0.3515625,35.15625,
CONFIRM128_RESERVED,all,PPO17,pass@1,128,0.326416015625,32.6416015625,
CONFIRM128_RESERVED,all,PPO17,pass@2,128,0.39990234375,39.990234375,
CONFIRM128_RESERVED,all,PPO17,pass@4,128,0.4531545467185762,45.315454671857616,
CONFIRM128_RESERVED,all,PPO17,pass@8,128,0.5002986142306741,50.02986142306741,
CONFIRM128_RESERVED,all,PPO17,pass@16,128,0.554231645911789,55.423164591178896,
CONFIRM128_RESERVED,all,PPO17,pass@32,128,0.6171875,61.71875,
CONFIRM128_RESERVED,all,PPO29,greedy,128,0.3125,31.25,
CONFIRM128_RESERVED,all,PPO29,pass@1,128,0.292724609375,29.2724609375,
CONFIRM128_RESERVED,all,PPO29,pass@2,128,0.3360792590725806,33.607925907258064,
CONFIRM128_RESERVED,all,PPO29,pass@4,128,0.3719799343020022,37.19799343020022,
CONFIRM128_RESERVED,all,PPO29,pass@8,128,0.4040942653221053,40.40942653221053,
CONFIRM128_RESERVED,all,PPO29,pass@16,128,0.4341520729760457,43.41520729760457,
CONFIRM128_RESERVED,all,PPO29,pass@32,128,0.46875,46.875,
CONFIRM128_RESERVED,all,PPO43,greedy,128,0.328125,32.8125,PPO43 is a documented post-failure recovered trajectory; original slot192 commit identity is absent; historical memory-to-disk roundtrip and uninterrupted equivalence are not established.
CONFIRM128_RESERVED,all,PPO43,pass@1,128,0.31201171875,31.201171875,PPO43 is a documented post-failure recovered trajectory; original slot192 commit identity is absent; historical memory-to-disk roundtrip and uninterrupted equivalence are not established.
CONFIRM128_RESERVED,all,PPO43,pass@2,128,0.3645728326612903,36.45728326612903,PPO43 is a documented post-failure recovered trajectory; original slot192 commit identity is absent; historical memory-to-disk roundtrip and uninterrupted equivalence are not established.
CONFIRM128_RESERVED,all,PPO43,pass@4,128,0.4104877815628476,41.04877815628476,PPO43 is a documented post-failure recovered trajectory; original slot192 commit identity is absent; historical memory-to-disk roundtrip and uninterrupted equivalence are not established.
CONFIRM128_RESERVED,all,PPO43,pass@8,128,0.45922086016157554,45.92208601615756,PPO43 is a documented post-failure recovered trajectory; original slot192 commit identity is absent; historical memory-to-disk roundtrip and uninterrupted equivalence are not established.
CONFIRM128_RESERVED,all,PPO43,pass@16,128,0.5121322314931951,51.21322314931951,PPO43 is a documented post-failure recovered trajectory; original slot192 commit identity is absent; historical memory-to-disk roundtrip and uninterrupted equivalence are not established.
CONFIRM128_RESERVED,all,PPO43,pass@32,128,0.5625,56.25,PPO43 is a documented post-failure recovered trajectory; original slot192 commit identity is absent; historical memory-to-disk roundtrip and uninterrupted equivalence are not established.
CONFIRM128_RESERVED,all,PPO_ZERO17,greedy,128,0.3671875,36.71875,
CONFIRM128_RESERVED,all,PPO_ZERO17,pass@1,128,0.3408203125,34.08203125,
CONFIRM128_RESERVED,all,PPO_ZERO17,pass@2,128,0.4215442288306452,42.15442288306452,
CONFIRM128_RESERVED,all,PPO_ZERO17,pass@4,128,0.47914218923804225,47.91421892380423,
CONFIRM128_RESERVED,all,PPO_ZERO17,pass@8,128,0.5189103351420857,51.89103351420857,
CONFIRM128_RESERVED,all,PPO_ZERO17,pass@16,128,0.5519766600240028,55.19766600240028,
CONFIRM128_RESERVED,all,PPO_ZERO17,pass@32,128,0.59375,59.375,
CONFIRM128_RESERVED,all,PPO_ZERO29,greedy,128,0.3203125,32.03125,
CONFIRM128_RESERVED,all,PPO_ZERO29,pass@1,128,0.34033203125,34.033203125,
CONFIRM128_RESERVED,all,PPO_ZERO29,pass@2,128,0.40602948588709675,40.60294858870967,
CONFIRM128_RESERVED,all,PPO_ZERO29,pass@4,128,0.45979582348442716,45.97958234844272,
CONFIRM128_RESERVED,all,PPO_ZERO29,pass@8,128,0.5084113974275786,50.84113974275786,
CONFIRM128_RESERVED,all,PPO_ZERO29,pass@16,128,0.5550731646415049,55.50731646415049,
CONFIRM128_RESERVED,all,PPO_ZERO29,pass@32,128,0.609375,60.9375,
CONFIRM128_RESERVED,all,PPO_ZERO43,greedy,128,0.359375,35.9375,
CONFIRM128_RESERVED,all,PPO_ZERO43,pass@1,128,0.347900390625,34.7900390625,
CONFIRM128_RESERVED,all,PPO_ZERO43,pass@2,128,0.41166834677419356,41.16683467741936,
CONFIRM128_RESERVED,all,PPO_ZERO43,pass@4,128,0.46362494785873193,46.362494785873196,
CONFIRM128_RESERVED,all,PPO_ZERO43,pass@8,128,0.5106804502331651,51.06804502331651,
CONFIRM128_RESERVED,all,PPO_ZERO43,pass@16,128,0.5552800882294422,55.528008822944216,
CONFIRM128_RESERVED,all,PPO_ZERO43,pass@32,128,0.59375,59.375,
CONFIRM128_RESERVED,add_sub_solvable,SFT,greedy,64,0.578125,57.8125,
CONFIRM128_RESERVED,add_sub_solvable,SFT,pass@1,64,0.341796875,34.1796875,
CONFIRM128_RESERVED,add_sub_solvable,SFT,pass@2,64,0.5187436995967742,51.87436995967742,
CONFIRM128_RESERVED,add_sub_solvable,SFT,pass@4,64,0.6922704915183537,69.22704915183537,
CONFIRM128_RESERVED,add_sub_solvable,SFT,pass@8,64,0.8251916718956486,82.51916718956485,
CONFIRM128_RESERVED,add_sub_solvable,SFT,pass@16,64,0.903651898583815,90.3651898583815,
CONFIRM128_RESERVED,add_sub_solvable,SFT,pass@32,64,0.9375,93.75,
CONFIRM128_RESERVED,add_sub_solvable,PPO17,greedy,64,0.59375,59.375,
CONFIRM128_RESERVED,add_sub_solvable,PPO17,pass@1,64,0.55322265625,55.322265625,
CONFIRM128_RESERVED,add_sub_solvable,PPO17,pass@2,64,0.6652910786290323,66.52910786290323,
CONFIRM128_RESERVED,add_sub_solvable,PPO17,pass@4,64,0.7396386610122359,73.96386610122359,
CONFIRM128_RESERVED,add_sub_solvable,PPO17,pass@8,64,0.7973393529016096,79.73393529016096,
CONFIRM128_RESERVED,add_sub_solvable,PPO17,pass@16,64,0.8519639832930667,85.19639832930666,
CONFIRM128_RESERVED,add_sub_solvable,PPO17,pass@32,64,0.90625,90.625,
CONFIRM128_RESERVED,add_sub_solvable,PPO29,greedy,64,0.5625,56.25,
CONFIRM128_RESERVED,add_sub_solvable,PPO29,pass@1,64,0.53173828125,53.173828125,
CONFIRM128_RESERVED,add_sub_solvable,PPO29,pass@2,64,0.6018145161290323,60.181451612903224,
CONFIRM128_RESERVED,add_sub_solvable,PPO29,pass@4,64,0.6604451995272524,66.04451995272524,
CONFIRM128_RESERVED,add_sub_solvable,PPO29,pass@8,64,0.7112651729604594,71.12651729604595,
CONFIRM128_RESERVED,add_sub_solvable,PPO29,pass@16,64,0.7511230187737451,75.1123018773745,
CONFIRM128_RESERVED,add_sub_solvable,PPO29,pass@32,64,0.78125,78.125,
CONFIRM128_RESERVED,add_sub_solvable,PPO43,greedy,64,0.609375,60.9375,PPO43 is a documented post-failure recovered trajectory; original slot192 commit identity is absent; historical memory-to-disk roundtrip and uninterrupted equivalence are not established.
CONFIRM128_RESERVED,add_sub_solvable,PPO43,pass@1,64,0.57666015625,57.666015625,PPO43 is a documented post-failure recovered trajectory; original slot192 commit identity is absent; historical memory-to-disk roundtrip and uninterrupted equivalence are not established.
CONFIRM128_RESERVED,add_sub_solvable,PPO43,pass@2,64,0.6498235887096774,64.98235887096774,PPO43 is a documented post-failure recovered trajectory; original slot192 commit identity is absent; historical memory-to-disk roundtrip and uninterrupted equivalence are not established.
CONFIRM128_RESERVED,add_sub_solvable,PPO43,pass@4,64,0.6982215482480534,69.82215482480534,PPO43 is a documented post-failure recovered trajectory; original slot192 commit identity is absent; historical memory-to-disk roundtrip and uninterrupted equivalence are not established.
CONFIRM128_RESERVED,add_sub_solvable,PPO43,pass@8,64,0.741186438160159,74.11864381601589,PPO43 is a documented post-failure recovered trajectory; original slot192 commit identity is absent; historical memory-to-disk roundtrip and uninterrupted equivalence are not established.
CONFIRM128_RESERVED,add_sub_solvable,PPO43,pass@16,64,0.7894663546480862,78.94663546480862,PPO43 is a documented post-failure recovered trajectory; original slot192 commit identity is absent; historical memory-to-disk roundtrip and uninterrupted equivalence are not established.
CONFIRM128_RESERVED,add_sub_solvable,PPO43,pass@32,64,0.84375,84.375,PPO43 is a documented post-failure recovered trajectory; original slot192 commit identity is absent; historical memory-to-disk roundtrip and uninterrupted equivalence are not established.
CONFIRM128_RESERVED,add_sub_solvable,PPO_ZERO17,greedy,64,0.609375,60.9375,
CONFIRM128_RESERVED,add_sub_solvable,PPO_ZERO17,pass@1,64,0.56201171875,56.201171875,
CONFIRM128_RESERVED,add_sub_solvable,PPO_ZERO17,pass@2,64,0.6789314516129032,67.89314516129032,
CONFIRM128_RESERVED,add_sub_solvable,PPO_ZERO17,pass@4,64,0.7520391580923248,75.20391580923248,
CONFIRM128_RESERVED,add_sub_solvable,PPO_ZERO17,pass@8,64,0.7940989038152553,79.40989038152553,
CONFIRM128_RESERVED,add_sub_solvable,PPO_ZERO17,pass@16,64,0.8247667748526948,82.47667748526948,
CONFIRM128_RESERVED,add_sub_solvable,PPO_ZERO17,pass@32,64,0.859375,85.9375,
CONFIRM128_RESERVED,add_sub_solvable,PPO_ZERO29,greedy,64,0.578125,57.8125,
CONFIRM128_RESERVED,add_sub_solvable,PPO_ZERO29,pass@1,64,0.61083984375,61.083984375,
CONFIRM128_RESERVED,add_sub_solvable,PPO_ZERO29,pass@2,64,0.7152532762096774,71.52532762096774,
CONFIRM128_RESERVED,add_sub_solvable,PPO_ZERO29,pass@4,64,0.7949966108175751,79.49966108175751,
CONFIRM128_RESERVED,add_sub_solvable,PPO_ZERO29,pass@8,64,0.8575946163472234,85.75946163472234,
CONFIRM128_RESERVED,add_sub_solvable,PPO_ZERO29,pass@16,64,0.9058201494011059,90.58201494011058,
CONFIRM128_RESERVED,add_sub_solvable,PPO_ZERO29,pass@32,64,0.953125,95.3125,
CONFIRM128_RESERVED,add_sub_solvable,PPO_ZERO43,greedy,64,0.625,62.5,
CONFIRM128_RESERVED,add_sub_solvable,PPO_ZERO43,pass@1,64,0.60693359375,60.693359375,
CONFIRM128_RESERVED,add_sub_solvable,PPO_ZERO43,pass@2,64,0.6963835685483871,69.63835685483872,
CONFIRM128_RESERVED,add_sub_solvable,PPO_ZERO43,pass@4,64,0.7647438125695217,76.47438125695217,
CONFIRM128_RESERVED,add_sub_solvable,PPO_ZERO43,pass@8,64,0.8239081365928905,82.39081365928905,
CONFIRM128_RESERVED,add_sub_solvable,PPO_ZERO43,pass@16,64,0.8751009235584528,87.51009235584529,
CONFIRM128_RESERVED,add_sub_solvable,PPO_ZERO43,pass@32,64,0.90625,90.625,
CONFIRM128_RESERVED,requires_mul_or_div,SFT,greedy,64,0.109375,10.9375,
CONFIRM128_RESERVED,requires_mul_or_div,SFT,pass@1,64,0.09375,9.375,
CONFIRM128_RESERVED,requires_mul_or_div,SFT,pass@2,64,0.1714024697580645,17.14024697580645,
CONFIRM128_RESERVED,requires_mul_or_div,SFT,pass@4,64,0.293088674916574,29.3088674916574,
CONFIRM128_RESERVED,requires_mul_or_div,SFT,pass@8,64,0.45698489923514257,45.69848992351426,
CONFIRM128_RESERVED,requires_mul_or_div,SFT,pass@16,64,0.6346241490000614,63.46241490000614,
CONFIRM128_RESERVED,requires_mul_or_div,SFT,pass@32,64,0.765625,76.5625,
CONFIRM128_RESERVED,requires_mul_or_div,PPO17,greedy,64,0.109375,10.9375,
CONFIRM128_RESERVED,requires_mul_or_div,PPO17,pass@1,64,0.099609375,9.9609375,
CONFIRM128_RESERVED,requires_mul_or_div,PPO17,pass@2,64,0.13451360887096775,13.451360887096776,
CONFIRM128_RESERVED,requires_mul_or_div,PPO17,pass@4,64,0.16667043242491658,16.66704324249166,
CONFIRM128_RESERVED,requires_mul_or_div,PPO17,pass@8,64,0.20325787555973873,20.325787555973875,
CONFIRM128_RESERVED,requires_mul_or_div,PPO17,pass@16,64,0.2564993085305112,25.649930853051124,
CONFIRM128_RESERVED,requires_mul_or_div,PPO17,pass@32,64,0.328125,32.8125,
CONFIRM128_RESERVED,requires_mul_or_div,PPO29,greedy,64,0.0625,6.25,
CONFIRM128_RESERVED,requires_mul_or_div,PPO29,pass@1,64,0.0537109375,5.37109375,
CONFIRM128_RESERVED,requires_mul_or_div,PPO29,pass@2,64,0.07034400201612903,7.034400201612903,
CONFIRM128_RESERVED,requires_mul_or_div,PPO29,pass@4,64,0.08351466907675195,8.351466907675196,
CONFIRM128_RESERVED,requires_mul_or_div,PPO29,pass@8,64,0.09692335768375118,9.692335768375118,
CONFIRM128_RESERVED,requires_mul_or_div,PPO29,pass@16,64,0.1171811271783463,11.71811271783463,
CONFIRM128_RESERVED,requires_mul_or_div,PPO29,pass@32,64,0.15625,15.625,
CONFIRM128_RESERVED,requires_mul_or_div,PPO43,greedy,64,0.046875,4.6875,PPO43 is a documented post-failure recovered trajectory; original slot192 commit identity is absent; historical memory-to-disk roundtrip and uninterrupted equivalence are not established.
CONFIRM128_RESERVED,requires_mul_or_div,PPO43,pass@1,64,0.04736328125,4.736328125,PPO43 is a documented post-failure recovered trajectory; original slot192 commit identity is absent; historical memory-to-disk roundtrip and uninterrupted equivalence are not established.
CONFIRM128_RESERVED,requires_mul_or_div,PPO43,pass@2,64,0.07932207661290322,7.932207661290322,PPO43 is a documented post-failure recovered trajectory; original slot192 commit identity is absent; historical memory-to-disk roundtrip and uninterrupted equivalence are not established.
CONFIRM128_RESERVED,requires_mul_or_div,PPO43,pass@4,64,0.12275401487764181,12.275401487764181,PPO43 is a documented post-failure recovered trajectory; original slot192 commit identity is absent; historical memory-to-disk roundtrip and uninterrupted equivalence are not established.
CONFIRM128_RESERVED,requires_mul_or_div,PPO43,pass@8,64,0.1772552821629921,17.72552821629921,PPO43 is a documented post-failure recovered trajectory; original slot192 commit identity is absent; historical memory-to-disk roundtrip and uninterrupted equivalence are not established.
CONFIRM128_RESERVED,requires_mul_or_div,PPO43,pass@16,64,0.23479810833830397,23.4798108338304,PPO43 is a documented post-failure recovered trajectory; original slot192 commit identity is absent; historical memory-to-disk roundtrip and uninterrupted equivalence are not established.
CONFIRM128_RESERVED,requires_mul_or_div,PPO43,pass@32,64,0.28125,28.125,PPO43 is a documented post-failure recovered trajectory; original slot192 commit identity is absent; historical memory-to-disk roundtrip and uninterrupted equivalence are not established.
CONFIRM128_RESERVED,requires_mul_or_div,PPO_ZERO17,greedy,64,0.125,12.5,
CONFIRM128_RESERVED,requires_mul_or_div,PPO_ZERO17,pass@1,64,0.11962890625,11.962890625,
CONFIRM128_RESERVED,requires_mul_or_div,PPO_ZERO17,pass@2,64,0.1641570060483871,16.415700604838708,
CONFIRM128_RESERVED,requires_mul_or_div,PPO_ZERO17,pass@4,64,0.20624522038375973,20.62452203837597,
CONFIRM128_RESERVED,requires_mul_or_div,PPO_ZERO17,pass@8,64,0.24372176646891608,24.372176646891607,
CONFIRM128_RESERVED,requires_mul_or_div,PPO_ZERO17,pass@16,64,0.2791865451953107,27.91865451953107,
CONFIRM128_RESERVED,requires_mul_or_div,PPO_ZERO17,pass@32,64,0.328125,32.8125,
CONFIRM128_RESERVED,requires_mul_or_div,PPO_ZERO29,greedy,64,0.0625,6.25,
CONFIRM128_RESERVED,requires_mul_or_div,PPO_ZERO29,pass@1,64,0.06982421875,6.982421875,
CONFIRM128_RESERVED,requires_mul_or_div,PPO_ZERO29,pass@2,64,0.09680569556451613,9.680569556451612,
CONFIRM128_RESERVED,requires_mul_or_div,PPO_ZERO29,pass@4,64,0.1245950361512792,12.45950361512792,
CONFIRM128_RESERVED,requires_mul_or_div,PPO_ZERO29,pass@8,64,0.1592281785079338,15.92281785079338,
CONFIRM128_RESERVED,requires_mul_or_div,PPO_ZERO29,pass@16,64,0.204326179881904,20.432617988190398,
CONFIRM128_RESERVED,requires_mul_or_div,PPO_ZERO29,pass@32,64,0.265625,26.5625,
CONFIRM128_RESERVED,requires_mul_or_div,PPO_ZERO43,greedy,64,0.09375,9.375,
CONFIRM128_RESERVED,requires_mul_or_div,PPO_ZERO43,pass@1,64,0.0888671875,8.88671875,
CONFIRM128_RESERVED,requires_mul_or_div,PPO_ZERO43,pass@2,64,0.126953125,12.6953125,
CONFIRM128_RESERVED,requires_mul_or_div,PPO_ZERO43,pass@4,64,0.16250608314794215,16.250608314794217,
CONFIRM128_RESERVED,requires_mul_or_div,PPO_ZERO43,pass@8,64,0.19745276387343963,19.745276387343964,
CONFIRM128_RESERVED,requires_mul_or_div,PPO_ZERO43,pass@16,64,0.23545925290043151,23.54592529004315,
CONFIRM128_RESERVED,requires_mul_or_div,PPO_ZERO43,pass@32,64,0.28125,28.125,
