suite,band,metric,paired_seeds,mean_difference_pp,sample_SD_difference_pp,seed17_difference_pp,seed29_difference_pp,seed43_difference_pp,PPO43_caveat
HISTORICAL_FINAL256_OBSERVED,all,greedy,3,4.427083333333334,6.825699178167269,-3.125,6.25,10.15625,PPO43 is a documented post-failure recovered trajectory; original slot192 commit identity is absent; historical memory-to-disk roundtrip and uninterrupted equivalence are not established.
HISTORICAL_FINAL256_OBSERVED,all,pass@1,3,3.3487955729166665,3.7406202736391543,-0.6103515625,3.8330078125,6.82373046875,PPO43 is a documented post-failure recovered trajectory; original slot192 commit identity is absent; historical memory-to-disk roundtrip and uninterrupted equivalence are not established.
HISTORICAL_FINAL256_OBSERVED,all,pass@2,3,4.620033182123652,4.710904363755367,-0.764711441532262,6.6445627520161255,7.980248235887094,PPO43 is a documented post-failure recovered trajectory; original slot192 commit identity is absent; historical memory-to-disk roundtrip and uninterrupted equivalence are not established.
HISTORICAL_FINAL256_OBSERVED,all,pass@4,3,5.103341096588804,5.543827109346141,-1.2879870863459375,7.987216699110123,8.610793677002226,PPO43 is a documented post-failure recovered trajectory; original slot192 commit identity is absent; historical memory-to-disk roundtrip and uninterrupted equivalence are not established.
HISTORICAL_FINAL256_OBSERVED,all,pass@8,3,4.853149429149671,6.139005783834211,-2.2150929436672295,7.921057860169895,8.853483370946346,PPO43 is a documented post-failure recovered trajectory; original slot192 commit identity is absent; historical memory-to-disk roundtrip and uninterrupted equivalence are not established.
HISTORICAL_FINAL256_OBSERVED,all,pass@16,3,4.6515941774738465,6.247702733319495,-2.533848494718405,7.686776593487354,8.80185443365259,PPO43 is a documented post-failure recovered trajectory; original slot192 commit identity is absent; historical memory-to-disk roundtrip and uninterrupted equivalence are not established.
HISTORICAL_FINAL256_OBSERVED,all,pass@32,3,4.557291666666666,5.303492670420912,-1.5625,7.8125,7.421875,PPO43 is a documented post-failure recovered trajectory; original slot192 commit identity is absent; historical memory-to-disk roundtrip and uninterrupted equivalence are not established.
HISTORICAL_FINAL256_OBSERVED,add_sub_solvable,greedy,3,4.427083333333334,11.959335940838578,-9.375,11.71875,10.9375,PPO43 is a documented post-failure recovered trajectory; original slot192 commit identity is absent; historical memory-to-disk roundtrip and uninterrupted equivalence are not established.
HISTORICAL_FINAL256_OBSERVED,add_sub_solvable,pass@1,3,4.378255208333334,5.673543077006748,-2.1728515625,7.6904296875,7.6171875,PPO43 is a documented post-failure recovered trajectory; original slot192 commit identity is absent; historical memory-to-disk roundtrip and uninterrupted equivalence are not established.
HISTORICAL_FINAL256_OBSERVED,add_sub_solvable,pass@2,3,6.202221942204304,7.968509287469937,-2.68397177419355,12.712638608870975,8.577998991935488,PPO43 is a documented post-failure recovered trajectory; original slot192 commit identity is absent; historical memory-to-disk roundtrip and uninterrupted equivalence are not established.
HISTORICAL_FINAL256_OBSERVED,add_sub_solvable,pass@4,3,6.939792767426771,9.288550594273854,-3.2821190211345885,14.863498505283646,9.237998818131254,PPO43 is a documented post-failure recovered trajectory; original slot192 commit identity is absent; historical memory-to-disk roundtrip and uninterrupted equivalence are not established.
HISTORICAL_FINAL256_OBSERVED,add_sub_solvable,pass@8,3,6.643634437520003,9.76791438081265,-4.338369199395342,14.361483453243395,9.907789058711957,PPO43 is a documented post-failure recovered trajectory; original slot192 commit identity is absent; historical memory-to-disk roundtrip and uninterrupted equivalence are not established.
HISTORICAL_FINAL256_OBSERVED,add_sub_solvable,pass@16,3,6.535701329678494,9.65811543456011,-4.5281117134556625,13.281372431886773,10.853843270604369,PPO43 is a documented post-failure recovered trajectory; original slot192 commit identity is absent; historical memory-to-disk roundtrip and uninterrupted equivalence are not established.
HISTORICAL_FINAL256_OBSERVED,add_sub_solvable,pass@32,3,6.510416666666667,9.054863880580058,-3.90625,12.5,10.9375,PPO43 is a documented post-failure recovered trajectory; original slot192 commit identity is absent; historical memory-to-disk roundtrip and uninterrupted equivalence are not established.
HISTORICAL_FINAL256_OBSERVED,requires_mul_or_div,greedy,3,4.427083333333334,4.442375549279162,3.125,0.78125,9.375,PPO43 is a documented post-failure recovered trajectory; original slot192 commit identity is absent; historical memory-to-disk roundtrip and uninterrupted equivalence are not established.
HISTORICAL_FINAL256_OBSERVED,requires_mul_or_div,pass@1,3,2.3193359375,3.250647847088523,0.9521484375,-0.0244140625,6.0302734375,PPO43 is a documented post-failure recovered trajectory; original slot192 commit identity is absent; historical memory-to-disk roundtrip and uninterrupted equivalence are not established.
HISTORICAL_FINAL256_OBSERVED,requires_mul_or_div,pass@2,3,3.037844422043011,3.773664871481793,1.1545488911290314,0.5764868951612906,7.382497479838711,PPO43 is a documented post-failure recovered trajectory; original slot192 commit identity is absent; historical memory-to-disk roundtrip and uninterrupted equivalence are not established.
HISTORICAL_FINAL256_OBSERVED,requires_mul_or_div,pass@4,3,3.2668894257508345,4.089792368397464,0.7061448484427135,1.110934892936595,7.983588535873194,PPO43 is a documented post-failure recovered trajectory; original slot192 commit identity is absent; historical memory-to-disk roundtrip and uninterrupted equivalence are not established.
HISTORICAL_FINAL256_OBSERVED,requires_mul_or_div,pass@8,3,3.06266442077934,4.176609551146281,-0.09181668793911413,1.4806322670963934,7.799177683180742,PPO43 is a documented post-failure recovered trajectory; original slot192 commit identity is absent; historical memory-to-disk roundtrip and uninterrupted equivalence are not established.
HISTORICAL_FINAL256_OBSERVED,requires_mul_or_div,pass@16,3,2.7674870252691988,3.691348320765795,-0.5395852759811359,2.092180755087933,6.749865596700799,PPO43 is a documented post-failure recovered trajectory; original slot192 commit identity is absent; historical memory-to-disk roundtrip and uninterrupted equivalence are not established.
HISTORICAL_FINAL256_OBSERVED,requires_mul_or_div,pass@32,3,2.604166666666667,1.6263015620829162,0.78125,3.125,3.90625,PPO43 is a documented post-failure recovered trajectory; original slot192 commit identity is absent; historical memory-to-disk roundtrip and uninterrupted equivalence are not established.
CONFIRM128_RESERVED,all,greedy,3,1.8229166666666667,1.1933790872280834,1.5625,0.78125,3.125,PPO43 is a documented post-failure recovered trajectory; original slot192 commit identity is absent; historical memory-to-disk roundtrip and uninterrupted equivalence are not established.
CONFIRM128_RESERVED,all,pass@1,3,3.2633463541666665,1.6839215047366618,1.4404296875,4.7607421875,3.5888671875,PPO43 is a documented post-failure recovered trajectory; original slot192 commit identity is absent; historical memory-to-disk roundtrip and uninterrupted equivalence are not established.
CONFIRM128_RESERVED,all,pass@2,3,4.622920866935485,2.41658195414568,2.1641885080645187,6.995022681451612,4.709551411290325,PPO43 is a documented post-failure recovered trajectory; original slot192 commit identity is absent; historical memory-to-disk roundtrip and uninterrupted equivalence are not established.
CONFIRM128_RESERVED,all,pass@4,3,5.564689933259178,3.099043548081532,2.598764251946606,8.781588918242495,5.313716629588433,PPO43 is a documented post-failure recovered trajectory; original slot192 commit identity is absent; historical memory-to-disk roundtrip and uninterrupted equivalence are not established.
CONFIRM128_RESERVED,all,pass@8,3,5.812948102949148,4.324025856801187,1.8611720911411611,10.431713210547327,5.1459590071589565,PPO43 is a documented post-failure recovered trajectory; original slot192 commit identity is absent; historical memory-to-disk roundtrip and uninterrupted equivalence are not established.
CONFIRM128_RESERVED,all,pass@16,3,5.393798750464005,6.229291060666571,-0.2254985887786165,12.092109166545923,4.31478567362471,PPO43 is a documented post-failure recovered trajectory; original slot192 commit identity is absent; historical memory-to-disk roundtrip and uninterrupted equivalence are not established.
CONFIRM128_RESERVED,all,pass@32,3,4.947916666666666,8.353653610596583,-2.34375,14.0625,3.125,PPO43 is a documented post-failure recovered trajectory; original slot192 commit identity is absent; historical memory-to-disk roundtrip and uninterrupted equivalence are not established.
CONFIRM128_RESERVED,add_sub_solvable,greedy,3,1.5625,0.0,1.5625,1.5625,1.5625,PPO43 is a documented post-failure recovered trajectory; original slot192 commit identity is absent; historical memory-to-disk roundtrip and uninterrupted equivalence are not established.
CONFIRM128_RESERVED,add_sub_solvable,pass@1,3,3.9388020833333335,3.6031495057348204,0.87890625,7.91015625,3.02734375,PPO43 is a documented post-failure recovered trajectory; original slot192 commit identity is absent; historical memory-to-disk roundtrip and uninterrupted equivalence are not established.
CONFIRM128_RESERVED,add_sub_solvable,pass@2,3,5.787970430107529,5.085303961620486,1.3640372983870996,11.343876008064512,4.655997983870974,PPO43 is a documented post-failure recovered trajectory; original slot192 commit identity is absent; historical memory-to-disk roundtrip and uninterrupted equivalence are not established.
CONFIRM128_RESERVED,add_sub_solvable,pass@4,3,7.115805756395998,6.1207265866393,1.2400497080088946,13.455141129032267,6.6522264321468345,PPO43 is a documented post-failure recovered trajectory; original slot192 commit identity is absent; historical memory-to-disk roundtrip and uninterrupted equivalence are not established.
CONFIRM128_RESERVED,add_sub_solvable,pass@8,3,7.527023091104708,7.506285006429669,-0.32404490863543467,14.6329443386764,8.272169843273158,PPO43 is a documented post-failure recovered trajectory; original slot192 commit identity is absent; historical memory-to-disk roundtrip and uninterrupted equivalence are not established.
CONFIRM128_RESERVED,add_sub_solvable,pass@16,3,7.104483036578517,9.18206567136244,-2.719720844037188,15.46971306273608,8.563456891036658,PPO43 is a documented post-failure recovered trajectory; original slot192 commit identity is absent; historical memory-to-disk roundtrip and uninterrupted equivalence are not established.
CONFIRM128_RESERVED,add_sub_solvable,pass@32,3,6.25,10.9375,-4.6875,17.1875,6.25,PPO43 is a documented post-failure recovered trajectory; original slot192 commit identity is absent; historical memory-to-disk roundtrip and uninterrupted equivalence are not established.
CONFIRM128_RESERVED,requires_mul_or_div,greedy,3,2.083333333333333,2.386758174456167,1.5625,0.0,4.6875,PPO43 is a documented post-failure recovered trajectory; original slot192 commit identity is absent; historical memory-to-disk roundtrip and uninterrupted equivalence are not established.
CONFIRM128_RESERVED,requires_mul_or_div,pass@1,3,2.587890625,1.3671875,2.001953125,1.611328125,4.150390625,PPO43 is a documented post-failure recovered trajectory; original slot192 commit identity is absent; historical memory-to-disk roundtrip and uninterrupted equivalence are not established.
CONFIRM128_RESERVED,requires_mul_or_div,pass@2,3,3.4578713037634405,1.1415051600928838,2.9643397177419346,2.6461693548387095,4.763104838709678,PPO43 is a documented post-failure recovered trajectory; original slot192 commit identity is absent; historical memory-to-disk roundtrip and uninterrupted equivalence are not established.
CONFIRM128_RESERVED,requires_mul_or_div,pass@4,3,4.013574110122358,0.08228582801962465,3.9574787958843145,4.108036707452725,3.975206827030034,PPO43 is a documented post-failure recovered trajectory; original slot192 commit identity is absent; historical memory-to-disk roundtrip and uninterrupted equivalence are not established.
CONFIRM128_RESERVED,requires_mul_or_div,pass@8,3,4.098873114793583,2.105857532614532,4.046389090917735,6.230482082418262,2.0197481710447525,PPO43 is a documented post-failure recovered trajectory; original slot192 commit identity is absent; historical memory-to-disk roundtrip and uninterrupted equivalence are not established.
CONFIRM128_RESERVED,requires_mul_or_div,pass@16,3,3.6831144643494906,4.494334424067912,2.268723666479949,8.714505270355769,0.06611445621275414,PPO43 is a documented post-failure recovered trajectory; original slot192 commit identity is absent; historical memory-to-disk roundtrip and uninterrupted equivalence are not established.
CONFIRM128_RESERVED,requires_mul_or_div,pass@32,3,3.6458333333333335,6.314768569261532,0.0,10.9375,0.0,PPO43 is a documented post-failure recovered trajectory; original slot192 commit identity is absent; historical memory-to-disk roundtrip and uninterrupted equivalence are not established.
