method,population,band,metric,mean_percent,sample_SD_pp,seed_points
GRPO,HISTORICAL_FINAL256_OBSERVED,all,greedy,39.973958333333336,4.2132004394175615,"[42.96875, 41.796875, 35.15625]"
RFT,HISTORICAL_FINAL256_OBSERVED,all,greedy,35.807291666666664,1.9661027175184245,"[33.984375, 37.890625, 35.546875]"
PPO,HISTORICAL_FINAL256_OBSERVED,all,greedy,33.723958333333336,4.725324820735431,"[39.0625, 32.03125, 30.078125]"
PPO_ZERO,HISTORICAL_FINAL256_OBSERVED,all,greedy,38.151041666666664,2.1513947450336337,"[35.9375, 38.28125, 40.234375]"
GRPO,HISTORICAL_FINAL256_OBSERVED,all,pass@1,35.51025390625,2.48978554663902,"[37.109375, 36.77978515625, 32.6416015625]"
RFT,HISTORICAL_FINAL256_OBSERVED,all,pass@1,35.0341796875,2.357822134555676,"[33.0078125, 37.6220703125, 34.47265625]"
PPO,HISTORICAL_FINAL256_OBSERVED,all,pass@1,32.401529947916664,2.5292524925471778,"[35.21728515625, 31.6650390625, 30.322265625]"
PPO_ZERO,HISTORICAL_FINAL256_OBSERVED,all,pass@1,35.750325520833336,1.2881936892735455,"[34.60693359375, 35.498046875, 37.14599609375]"
GRPO,HISTORICAL_FINAL256_OBSERVED,all,pass@2,43.93166162634409,3.9985279884187976,"[47.25853704637097, 45.040795110887096, 39.49565272177419]"
RFT,HISTORICAL_FINAL256_OBSERVED,all,pass@2,37.97331779233871,2.9662865081742633,"[35.605941280241936, 41.300718245967744, 37.01329385080645]"
PPO,HISTORICAL_FINAL256_OBSERVED,all,pass@2,38.56266801075269,4.8393295473840165,"[44.053206905241936, 36.71717489919355, 34.917622227822584]"
PPO_ZERO,HISTORICAL_FINAL256_OBSERVED,all,pass@2,43.18270119287634,0.24937424228588156,"[43.28849546370967, 43.36173765120967, 42.89787046370967]"
GRPO,HISTORICAL_FINAL256_OBSERVED,all,pass@4,50.552313623934,4.979207452927832,"[54.97684058676307, 51.51970070912124, 45.16039957591769]"
RFT,HISTORICAL_FINAL256_OBSERVED,all,pass@4,40.2510638267056,3.403916584159652,"[37.73765555478309, 44.12477622705784, 38.890759698275865]"
PPO,HISTORICAL_FINAL256_OBSERVED,all,pass@4,43.716825118186875,6.338658828320241,"[50.912439603031146, 41.279166521829815, 38.958869229699665]"
PPO_ZERO,HISTORICAL_FINAL256_OBSERVED,all,pass@4,48.82016621477568,1.0976667516903715,"[49.62445251668521, 49.266383220939936, 47.56966290670189]"
GRPO,HISTORICAL_FINAL256_OBSERVED,all,pass@8,55.85717157339272,5.0513459344456475,"[60.54867446795109, 56.512827494699714, 50.510012757527356]"
RFT,HISTORICAL_FINAL256_OBSERVED,all,pass@8,42.425106706387126,3.3781282486554343,"[40.189959181260285, 46.311224692916156, 40.77413624498493]"
PPO,HISTORICAL_FINAL256_OBSERVED,all,pass@8,48.451481770164854,7.174787549242608,"[56.60909672754866, 45.62469866506469, 43.12064991788122]"
PPO_ZERO,HISTORICAL_FINAL256_OBSERVED,all,pass@8,53.30463119931453,1.2278230207599583,"[54.39400378388143, 53.54575652523459, 51.97413328882756]"
GRPO,HISTORICAL_FINAL256_OBSERVED,all,pass@16,60.31351935157056,4.4956022712896075,"[64.73751720214995, 60.45346048614125, 55.749580366420496]"
RFT,HISTORICAL_FINAL256_OBSERVED,all,pass@16,44.56813228669518,2.9383982544722818,"[43.04459959200507, 47.955411992993774, 42.70438527508671]"
PPO,HISTORICAL_FINAL256_OBSERVED,all,pass@16,52.90192380151444,7.571315217903966,"[61.5843807274213, 49.447273268690815, 47.674117408431215]"
PPO_ZERO,HISTORICAL_FINAL256_OBSERVED,all,pass@16,57.55351797898829,1.3375557659407484,"[59.05053223270289, 57.13404986217817, 56.47597184208381]"
GRPO,HISTORICAL_FINAL256_OBSERVED,all,pass@32,64.19270833333333,4.3204843809992335,"[68.75, 63.671875, 60.15625]"
RFT,HISTORICAL_FINAL256_OBSERVED,all,pass@32,46.614583333333336,2.386758174456167,"[46.09375, 49.21875, 44.53125]"
PPO,HISTORICAL_FINAL256_OBSERVED,all,pass@32,57.291666666666664,7.893460711576915,"[66.40625, 52.734375, 52.734375]"
PPO_ZERO,HISTORICAL_FINAL256_OBSERVED,all,pass@32,61.848958333333336,2.600909421281013,"[64.84375, 60.546875, 60.15625]"
GRPO,HISTORICAL_FINAL256_OBSERVED,add_sub_solvable,greedy,67.44791666666667,6.36291235566178,"[71.875, 70.3125, 60.15625]"
RFT,HISTORICAL_FINAL256_OBSERVED,add_sub_solvable,greedy,62.760416666666664,2.7436598314720673,"[60.15625, 65.625, 62.5]"
PPO,HISTORICAL_FINAL256_OBSERVED,add_sub_solvable,greedy,60.677083333333336,4.442375549279162,"[65.625, 57.03125, 59.375]"
PPO_ZERO,HISTORICAL_FINAL256_OBSERVED,add_sub_solvable,greedy,65.10416666666667,7.7076294723691365,"[56.25, 68.75, 70.3125]"
GRPO,HISTORICAL_FINAL256_OBSERVED,add_sub_solvable,pass@1,59.464518229166664,4.203923864445284,"[62.060546875, 61.71875, 54.6142578125]"
RFT,HISTORICAL_FINAL256_OBSERVED,add_sub_solvable,pass@1,62.117513020833336,3.537624895207273,"[59.0087890625, 65.966796875, 61.376953125]"
PPO,HISTORICAL_FINAL256_OBSERVED,add_sub_solvable,pass@1,57.478841145833336,1.8198441542807875,"[59.4482421875, 55.859375, 57.12890625]"
PPO_ZERO,HISTORICAL_FINAL256_OBSERVED,add_sub_solvable,pass@1,61.857096354166664,4.012704502174721,"[57.275390625, 63.5498046875, 64.74609375]"
GRPO,HISTORICAL_FINAL256_OBSERVED,add_sub_solvable,pass@2,71.27541162634408,6.4704236883976085,"[76.53887348790323, 73.23588709677419, 64.05147429435483]"
RFT,HISTORICAL_FINAL256_OBSERVED,add_sub_solvable,pass@2,66.0602528561828,4.848381940987546,"[62.34879032258065, 71.54580393145162, 64.28616431451613]"
PPO,HISTORICAL_FINAL256_OBSERVED,add_sub_solvable,pass@2,66.79109963037634,5.13337926731991,"[72.71452872983872, 63.63879788306451, 64.0199722782258]"
PPO_ZERO,HISTORICAL_FINAL256_OBSERVED,add_sub_solvable,pass@2,72.99332157258064,3.1789315696143485,"[70.03055695564517, 76.35143649193549, 72.59797127016128]"
GRPO,HISTORICAL_FINAL256_OBSERVED,add_sub_solvable,pass@4,79.11183143307379,7.603806990705683,"[85.64390120967742, 80.92683276557285, 70.76476032397107]"
RFT,HISTORICAL_FINAL256_OBSERVED,add_sub_solvable,pass@4,68.91438983129403,6.095458747191092,"[64.84889895022246, 75.92292217046719, 65.97134837319244]"
PPO,HISTORICAL_FINAL256_OBSERVED,add_sub_solvable,pass@4,73.56349358083055,7.168556109638888,"[81.80104630144605, 70.14845053531702, 68.7409839057286]"
PPO_ZERO,HISTORICAL_FINAL256_OBSERVED,add_sub_solvable,pass@4,80.50328634825732,3.9139384877648484,"[78.51892728031146, 85.01194904060067, 77.97898272385984]"
GRPO,HISTORICAL_FINAL256_OBSERVED,add_sub_solvable,pass@8,84.31189473049352,7.172114177535014,"[90.71099268655581, 85.66513399563142, 76.55955750929333]"
RFT,HISTORICAL_FINAL256_OBSERVED,add_sub_solvable,pass@8,71.48349666969314,6.595407320159298,"[67.79574965476836, 79.09796712931272, 67.55677322499834]"
PPO,HISTORICAL_FINAL256_OBSERVED,add_sub_solvable,pass@8,78.9351997679045,8.26471826169843,"[88.28715600132627, 75.90581021588565, 72.61263308650162]"
PPO_ZERO,HISTORICAL_FINAL256_OBSERVED,add_sub_solvable,pass@8,85.57883420542451,4.122656365165579,"[83.94878680193092, 90.26729366912905, 82.52042214521357]"
GRPO,HISTORICAL_FINAL256_OBSERVED,add_sub_solvable,pass@16,87.93728393584412,5.917676819005001,"[93.5400847716164, 88.52341448168231, 81.74835255423363]"
RFT,HISTORICAL_FINAL256_OBSERVED,add_sub_solvable,pass@16,73.77490032338895,6.280828481368336,"[71.14169771633001, 80.9437225245778, 69.23928072925902]"
PPO,HISTORICAL_FINAL256_OBSERVED,add_sub_solvable,pass@16,83.20322589297983,8.460211707503648,"[92.63044236894835, 80.7079220236976, 76.27131328629353]"
PPO_ZERO,HISTORICAL_FINAL256_OBSERVED,add_sub_solvable,pass@16,89.73892722265833,3.71321067484593,"[88.1023306554927, 93.98929445558439, 87.1251565568979]"
GRPO,HISTORICAL_FINAL256_OBSERVED,add_sub_solvable,pass@32,90.36458333333333,5.083130545818524,"[95.3125, 90.625, 85.15625]"
RFT,HISTORICAL_FINAL256_OBSERVED,add_sub_solvable,pass@32,75.78125,5.633673867912483,"[74.21875, 82.03125, 71.09375]"
PPO,HISTORICAL_FINAL256_OBSERVED,add_sub_solvable,pass@32,86.71875,7.694420157653207,"[95.3125, 84.375, 80.46875]"
PPO_ZERO,HISTORICAL_FINAL256_OBSERVED,add_sub_solvable,pass@32,93.22916666666667,3.157384284630766,"[91.40625, 96.875, 91.40625]"
GRPO,HISTORICAL_FINAL256_OBSERVED,requires_mul_or_div,greedy,12.5,2.0669932117692116,"[14.0625, 13.28125, 10.15625]"
RFT,HISTORICAL_FINAL256_OBSERVED,requires_mul_or_div,greedy,8.854166666666666,1.1933790872280834,"[7.8125, 10.15625, 8.59375]"
PPO,HISTORICAL_FINAL256_OBSERVED,requires_mul_or_div,greedy,6.770833333333333,5.863713671457137,"[12.5, 7.03125, 0.78125]"
PPO_ZERO,HISTORICAL_FINAL256_OBSERVED,requires_mul_or_div,greedy,11.197916666666666,4.009063624567878,"[15.625, 7.8125, 10.15625]"
GRPO,HISTORICAL_FINAL256_OBSERVED,requires_mul_or_div,pass@1,11.555989583333334,0.7844224730534449,"[12.158203125, 11.8408203125, 10.6689453125]"
RFT,HISTORICAL_FINAL256_OBSERVED,requires_mul_or_div,pass@1,7.950846354166667,1.1825919197169898,"[7.0068359375, 9.27734375, 7.568359375]"
PPO,HISTORICAL_FINAL256_OBSERVED,requires_mul_or_div,pass@1,7.32421875,3.7375051236835177,"[10.986328125, 7.470703125, 3.515625]"
PPO_ZERO,HISTORICAL_FINAL256_OBSERVED,requires_mul_or_div,pass@1,9.6435546875,2.2476854075163875,"[11.9384765625, 7.4462890625, 9.5458984375]"
GRPO,HISTORICAL_FINAL256_OBSERVED,requires_mul_or_div,pass@2,16.587911626344084,1.53550140990942,"[17.978200604838708, 16.845703125, 14.939831149193546]"
RFT,HISTORICAL_FINAL256_OBSERVED,requires_mul_or_div,pass@2,9.886382728494622,1.1035335806134225,"[8.863092237903224, 11.05563256048387, 9.740423387096774]"
PPO,HISTORICAL_FINAL256_OBSERVED,requires_mul_or_div,pass@2,10.334236391129032,4.81097852810776,"[15.391885080645162, 9.79555191532258, 5.815272177419355]"
PPO_ZERO,HISTORICAL_FINAL256_OBSERVED,requires_mul_or_div,pass@2,13.372080813172042,3.0908861490272312,"[16.546433971774192, 10.37203881048387, 13.197769657258066]"
GRPO,HISTORICAL_FINAL256_OBSERVED,requires_mul_or_div,pass@4,21.992795814794217,2.3791327929535955,"[24.309779963848722, 22.11256865266963, 19.556038827864295]"
RFT,HISTORICAL_FINAL256_OBSERVED,requires_mul_or_div,pass@4,11.587737822117168,0.8716609514683631,"[10.626412159343715, 12.326630283648498, 11.810171023359288]"
PPO,HISTORICAL_FINAL256_OBSERVED,requires_mul_or_div,pass@4,13.870156655543196,5.569028427528846,"[20.02383290461624, 12.409882508342603, 9.176754553670746]"
PPO_ZERO,HISTORICAL_FINAL256_OBSERVED,requires_mul_or_div,pass@4,17.13704608129403,3.6046366401293977,"[20.729977753058954, 13.520817401279198, 17.16034308954394]"
GRPO,HISTORICAL_FINAL256_OBSERVED,requires_mul_or_div,pass@8,27.402448416291925,2.96316660018203,"[30.38635624934638, 27.360520993768006, 24.46046800576139]"
RFT,HISTORICAL_FINAL256_OBSERVED,requires_mul_or_div,pass@8,13.366716743081106,0.7168070118544428,"[12.584168707752202, 13.52448225651959, 13.991499264971527]"
PPO,HISTORICAL_FINAL256_OBSERVED,requires_mul_or_div,pass@8,17.9677637724252,6.091028093479054,"[24.931037453771047, 15.343587114243748, 13.628666749260812]"
PPO_ZERO,HISTORICAL_FINAL256_OBSERVED,requires_mul_or_div,pass@8,21.030428193204543,4.022252670924378,"[24.839220765831932, 16.824219381340143, 21.427844432441553]"
GRPO,HISTORICAL_FINAL256_OBSERVED,requires_mul_or_div,pass@16,32.68975476729702,3.1034243000660653,"[35.93494963268349, 32.3835064906002, 29.750808178607357]"
RFT,HISTORICAL_FINAL256_OBSERVED,requires_mul_or_div,pass@16,15.36136425000143,0.699925884441413,"[14.947501467680139, 14.967101461409763, 16.169489820914386]"
PPO,HISTORICAL_FINAL256_OBSERVED,requires_mul_or_div,pass@16,22.60062171004905,6.888645506733756,"[30.538319085894233, 18.18662451368402, 19.076921530568896]"
PPO_ZERO,HISTORICAL_FINAL256_OBSERVED,requires_mul_or_div,pass@16,25.36810873531825,4.87617084520784,"[29.998733809913098, 20.27880526877195, 25.826787127269696]"
GRPO,HISTORICAL_FINAL256_OBSERVED,requires_mul_or_div,pass@32,38.020833333333336,3.6920434580098505,"[42.1875, 36.71875, 35.15625]"
RFT,HISTORICAL_FINAL256_OBSERVED,requires_mul_or_div,pass@32,17.447916666666668,0.9021097956087902,"[17.96875, 16.40625, 17.96875]"
PPO,HISTORICAL_FINAL256_OBSERVED,requires_mul_or_div,pass@32,27.864583333333332,8.570043058283508,"[37.5, 21.09375, 25.0]"
PPO_ZERO,HISTORICAL_FINAL256_OBSERVED,requires_mul_or_div,pass@32,30.46875,7.1602745233685,"[38.28125, 24.21875, 28.90625]"
GRPO,CONFIRM128_RESERVED,all,greedy,33.854166666666664,3.157384284630766,"[36.71875, 34.375, 30.46875]"
RFT,CONFIRM128_RESERVED,all,greedy,33.59375,2.8168369339562416,"[30.46875, 35.9375, 34.375]"
PPO,CONFIRM128_RESERVED,all,greedy,33.072916666666664,1.9661027175184245,"[35.15625, 31.25, 32.8125]"
PPO_ZERO,CONFIRM128_RESERVED,all,greedy,34.895833333333336,2.5113673856752485,"[36.71875, 32.03125, 35.9375]"
GRPO,CONFIRM128_RESERVED,all,pass@1,31.778971354166668,1.3576355544122765,"[32.1533203125, 32.91015625, 30.2734375]"
RFT,CONFIRM128_RESERVED,all,pass@1,33.430989583333336,2.10263529532346,"[31.396484375, 35.595703125, 33.30078125]"
PPO,CONFIRM128_RESERVED,all,pass@1,31.038411458333332,1.6904571431069992,"[32.6416015625, 29.2724609375, 31.201171875]"
PPO_ZERO,CONFIRM128_RESERVED,all,pass@1,34.3017578125,0.4235681536351922,"[34.08203125, 34.033203125, 34.7900390625]"
GRPO,CONFIRM128_RESERVED,all,pass@2,39.3596690188172,2.2238199691693605,"[40.8234627016129, 40.454889112903224, 36.80065524193548]"
RFT,CONFIRM128_RESERVED,all,pass@2,36.49876092069893,3.0454097865755076,"[33.90404485887097, 39.851625504032256, 35.74061239919355]"
PPO,CONFIRM128_RESERVED,all,pass@2,36.68514784946237,3.197249919165823,"[39.990234375, 33.607925907258064, 36.45728326612903]"
PPO_ZERO,CONFIRM128_RESERVED,all,pass@2,41.30806871639785,0.7853205790220965,"[42.15442288306452, 40.60294858870967, 41.16683467741936]"
GRPO,CONFIRM128_RESERVED,all,pass@4,45.7657959074898,2.806045115677275,"[47.73404911707453, 47.01065419911012, 42.552684406284754]"
RFT,CONFIRM128_RESERVED,all,pass@4,38.83242665461624,3.3464667693655628,"[36.310005909343715, 42.62876720661846, 37.55850684788654]"
PPO,CONFIRM128_RESERVED,all,pass@4,41.18740875278087,4.060505890177498,"[45.315454671857616, 37.19799343020022, 41.04877815628476]"
PPO_ZERO,CONFIRM128_RESERVED,all,pass@4,46.75209868604005,1.0244745330902782,"[47.91421892380423, 45.97958234844272, 46.362494785873196]"
GRPO,CONFIRM128_RESERVED,all,pass@8,51.827678605383,2.8768916676568184,"[53.99135933028626, 52.92881097705903, 48.562865508803704]"
RFT,CONFIRM128_RESERVED,all,pass@8,40.96713889423671,2.987525966991098,"[39.04508830740234, 44.409011333224, 39.447317042083796]"
PPO,CONFIRM128_RESERVED,all,pass@8,45.453791323811835,4.827283585150502,"[50.02986142306741, 40.40942653221053, 45.92208601615756]"
PPO_ZERO,CONFIRM128_RESERVED,all,pass@8,51.26673942676098,0.5524299342929077,"[51.89103351420857, 50.84113974275786, 51.06804502331651]"
GRPO,CONFIRM128_RESERVED,all,pass@16,57.88923421005508,2.7266914020091213,"[60.264802714242606, 58.49096154306622, 54.91193837285642]"
RFT,CONFIRM128_RESERVED,all,pass@16,43.245991259051195,2.0452586294421917,"[42.21673941255179, 45.60142226124487, 41.919812103356925]"
PPO,CONFIRM128_RESERVED,all,pass@16,50.01719834603433,6.092669044731648,"[55.423164591178896, 43.41520729760457, 51.21322314931951]"
PPO_ZERO,CONFIRM128_RESERVED,all,pass@16,55.41099709649833,0.18503961794684545,"[55.19766600240028, 55.50731646415049, 55.528008822944216]"
GRPO,CONFIRM128_RESERVED,all,pass@32,64.0625,2.34375,"[66.40625, 64.0625, 61.71875]"
RFT,CONFIRM128_RESERVED,all,pass@32,46.09375,0.78125,"[46.09375, 46.875, 45.3125]"
PPO,CONFIRM128_RESERVED,all,pass@32,54.947916666666664,7.5070496382289456,"[61.71875, 46.875, 56.25]"
PPO_ZERO,CONFIRM128_RESERVED,all,pass@32,59.895833333333336,0.9021097956087902,"[59.375, 60.9375, 59.375]"
GRPO,CONFIRM128_RESERVED,add_sub_solvable,greedy,60.9375,5.633673867912483,"[65.625, 62.5, 54.6875]"
RFT,CONFIRM128_RESERVED,add_sub_solvable,greedy,60.416666666666664,5.4873196629441345,"[54.6875, 65.625, 60.9375]"
PPO,CONFIRM128_RESERVED,add_sub_solvable,greedy,58.854166666666664,2.386758174456167,"[59.375, 56.25, 60.9375]"
PPO_ZERO,CONFIRM128_RESERVED,add_sub_solvable,greedy,60.416666666666664,2.386758174456167,"[60.9375, 57.8125, 62.5]"
GRPO,CONFIRM128_RESERVED,add_sub_solvable,pass@1,55.533854166666664,2.706476210609841,"[56.689453125, 57.470703125, 52.44140625]"
RFT,CONFIRM128_RESERVED,add_sub_solvable,pass@1,59.977213541666664,4.917439071414863,"[55.6640625, 65.33203125, 58.935546875]"
PPO,CONFIRM128_RESERVED,add_sub_solvable,pass@1,55.387369791666664,2.246801292543932,"[55.322265625, 53.173828125, 57.666015625]"
PPO_ZERO,CONFIRM128_RESERVED,add_sub_solvable,pass@1,59.326171875,2.713367966689415,"[56.201171875, 61.083984375, 60.693359375]"
GRPO,CONFIRM128_RESERVED,add_sub_solvable,pass@2,66.9974378360215,4.237583640139907,"[70.20854334677419, 68.58933971774194, 62.194430443548384]"
RFT,CONFIRM128_RESERVED,add_sub_solvable,pass@2,64.62428595430107,7.238101052181152,"[58.94027217741935, 72.77280745967742, 62.15977822580645]"
PPO,CONFIRM128_RESERVED,add_sub_solvable,pass@2,63.897639448924735,3.3099315907521456,"[66.52910786290323, 60.181451612903224, 64.98235887096774]"
PPO_ZERO,CONFIRM128_RESERVED,add_sub_solvable,pass@2,69.68560987903226,1.8165522264219824,"[67.89314516129032, 71.52532762096774, 69.63835685483872]"
GRPO,CONFIRM128_RESERVED,add_sub_solvable,pass@4,75.00961716722284,5.182122111704987,"[79.30899784482759, 76.46421370967742, 69.25563994716352]"
RFT,CONFIRM128_RESERVED,add_sub_solvable,pass@4,67.98857816555432,8.231373743182429,"[62.08021934093437, 77.3905467880979, 64.4949683676307]"
PPO,CONFIRM128_RESERVED,add_sub_solvable,pass@4,69.94351362625139,3.9610676368815296,"[73.96386610122359, 66.04451995272524, 69.82215482480534]"
PPO_ZERO,CONFIRM128_RESERVED,add_sub_solvable,pass@4,77.05931938264739,2.2068011509363843,"[75.20391580923248, 79.49966108175751, 76.47438125695217]"
GRPO,CONFIRM128_RESERVED,add_sub_solvable,pass@8,80.7900027511575,5.5351022786613395,"[85.53355847665497, 82.12785647989695, 74.7085932969206]"
RFT,CONFIRM128_RESERVED,add_sub_solvable,pass@8,70.95473137690185,7.789981454793852,"[65.86038529277545, 79.92214892734567, 67.0816599105844]"
PPO,CONFIRM128_RESERVED,add_sub_solvable,pass@8,74.99303213407427,4.369820056869783,"[79.73393529016096, 71.12651729604595, 74.11864381601589]"
PPO_ZERO,CONFIRM128_RESERVED,add_sub_solvable,pass@8,82.52005522517898,3.176757987574927,"[79.40989038152553, 85.75946163472234, 82.39081365928905]"
GRPO,CONFIRM128_RESERVED,add_sub_solvable,pass@16,85.32595666075686,6.033497154147179,"[90.6170297942593, 86.605531140976, 78.7553090470353]"
RFT,CONFIRM128_RESERVED,add_sub_solvable,pass@16,74.25354612473993,6.050364867892044,"[70.58192174074253, 81.23681359306198, 70.94190304041528]"
PPO,CONFIRM128_RESERVED,add_sub_solvable,pass@16,79.75177855716326,5.090033581651742,"[85.19639832930666, 75.1123018773745, 78.94663546480862]"
PPO_ZERO,CONFIRM128_RESERVED,add_sub_solvable,pass@16,86.85626159374178,4.0920343123338005,"[82.47667748526948, 90.58201494011058, 87.51009235584529]"
GRPO,CONFIRM128_RESERVED,add_sub_solvable,pass@32,89.0625,7.1602745233685,"[95.3125, 90.625, 81.25]"
RFT,CONFIRM128_RESERVED,add_sub_solvable,pass@32,78.64583333333333,3.608439182435161,"[76.5625, 82.8125, 76.5625]"
PPO,CONFIRM128_RESERVED,add_sub_solvable,pass@32,84.375,6.25,"[90.625, 78.125, 84.375]"
PPO_ZERO,CONFIRM128_RESERVED,add_sub_solvable,pass@32,90.625,4.6875,"[85.9375, 95.3125, 90.625]"
GRPO,CONFIRM128_RESERVED,requires_mul_or_div,greedy,6.770833333333333,0.9021097956087902,"[7.8125, 6.25, 6.25]"
RFT,CONFIRM128_RESERVED,requires_mul_or_div,greedy,6.770833333333333,0.9021097956087902,"[6.25, 6.25, 7.8125]"
PPO,CONFIRM128_RESERVED,requires_mul_or_div,greedy,7.291666666666667,3.2526031241658324,"[10.9375, 6.25, 4.6875]"
PPO_ZERO,CONFIRM128_RESERVED,requires_mul_or_div,greedy,9.375,3.125,"[12.5, 6.25, 9.375]"
GRPO,CONFIRM128_RESERVED,requires_mul_or_div,pass@1,8.024088541666666,0.3729309647587761,"[7.6171875, 8.349609375, 8.10546875]"
RFT,CONFIRM128_RESERVED,requires_mul_or_div,pass@1,6.884765625,0.927734375,"[7.12890625, 5.859375, 7.666015625]"
PPO,CONFIRM128_RESERVED,requires_mul_or_div,pass@1,6.689453125,2.850910268944336,"[9.9609375, 5.37109375, 4.736328125]"
PPO_ZERO,CONFIRM128_RESERVED,requires_mul_or_div,pass@1,9.27734375,2.5131072719644085,"[11.962890625, 6.982421875, 8.88671875]"
GRPO,CONFIRM128_RESERVED,requires_mul_or_div,pass@2,11.721900201612902,0.5185886351170091,"[11.438382056451612, 12.320438508064516, 11.40688004032258]"
RFT,CONFIRM128_RESERVED,requires_mul_or_div,pass@2,8.373235887096776,1.2699142192315012,"[8.867817540322582, 6.930443548387097, 9.321446572580646]"
PPO,CONFIRM128_RESERVED,requires_mul_or_div,pass@2,9.47265625,3.474778050552962,"[13.451360887096776, 7.034400201612903, 7.932207661290322]"
PPO_ZERO,CONFIRM128_RESERVED,requires_mul_or_div,pass@2,12.93052755376344,3.3737208169726594,"[16.415700604838708, 9.680569556451612, 12.6953125]"
GRPO,CONFIRM128_RESERVED,requires_mul_or_div,pass@4,16.521974647756764,0.9096883032556479,"[16.159100389321466, 17.557094688542822, 15.849728865406007]"
RFT,CONFIRM128_RESERVED,requires_mul_or_div,pass@4,9.676275143678161,1.56742858733831,"[10.539792477753059, 7.866987625139044, 10.62204532814238]"
PPO,CONFIRM128_RESERVED,requires_mul_or_div,pass@4,12.431303879310345,4.159979760985293,"[16.66704324249166, 8.351466907675196, 12.275401487764181]"
PPO_ZERO,CONFIRM128_RESERVED,requires_mul_or_div,pass@4,16.444877989432705,4.085974423911404,"[20.62452203837597, 12.45950361512792, 16.250608314794217]"
GRPO,CONFIRM128_RESERVED,requires_mul_or_div,pass@8,22.865354459608493,0.7487731039344068,"[22.449160183917556, 23.72976547422112, 22.417137720686803]"
RFT,CONFIRM128_RESERVED,requires_mul_or_div,pass@8,10.979546411571578,1.8165084608407525,"[12.229791322029225, 8.895873739102326, 11.812974173583184]"
PPO,CONFIRM128_RESERVED,requires_mul_or_div,pass@8,15.9145505135494,5.5432214830087325,"[20.325787555973875, 9.692335768375118, 17.72552821629921]"
PPO_ZERO,CONFIRM128_RESERVED,requires_mul_or_div,pass@8,20.013423628342984,4.231056986551015,"[24.372176646891607, 15.92281785079338, 19.745276387343964]"
GRPO,CONFIRM128_RESERVED,requires_mul_or_div,pass@16,30.452511759353296,0.5817431416474245,"[29.912575634225895, 30.376391945156456, 31.06856769867754]"
RFT,CONFIRM128_RESERVED,requires_mul_or_div,pass@16,12.23843639336246,2.024924858861861,"[13.851557084361046, 9.96603092942776, 12.89772116629857]"
PPO,CONFIRM128_RESERVED,requires_mul_or_div,pass@16,20.282618134905384,7.496026947905895,"[25.649930853051124, 11.71811271783463, 23.4798108338304]"
PPO_ZERO,CONFIRM128_RESERVED,requires_mul_or_div,pass@16,23.965732599254874,3.7606335064444214,"[27.91865451953107, 20.432617988190398, 23.54592529004315]"
GRPO,CONFIRM128_RESERVED,requires_mul_or_div,pass@32,39.0625,2.7063293868263707,"[37.5, 37.5, 42.1875]"
RFT,CONFIRM128_RESERVED,requires_mul_or_div,pass@32,13.541666666666666,2.386758174456167,"[15.625, 10.9375, 14.0625]"
PPO,CONFIRM128_RESERVED,requires_mul_or_div,pass@32,25.520833333333332,8.884751098558324,"[32.8125, 15.625, 28.125]"
PPO_ZERO,CONFIRM128_RESERVED,requires_mul_or_div,pass@32,29.166666666666668,3.2526031241658324,"[32.8125, 26.5625, 28.125]"
