population,band,metric,mean_difference_pp,sample_SD_difference_pp,seed_differences
HISTORICAL_FINAL256_OBSERVED,all,greedy,4.427083333333333,6.82569917816727,"[-3.125, 6.25, 10.15625]"
HISTORICAL_FINAL256_OBSERVED,all,pass@1,3.3487955729166665,3.7406202736391543,"[-0.6103515625, 3.8330078125, 6.82373046875]"
HISTORICAL_FINAL256_OBSERVED,all,pass@2,4.620033182123649,4.710904363755366,"[-0.7647114415322633, 6.644562752016121, 7.980248235887089]"
HISTORICAL_FINAL256_OBSERVED,all,pass@4,5.103341096588804,5.54382710934614,"[-1.287987086345936, 7.987216699110121, 8.610793677002228]"
HISTORICAL_FINAL256_OBSERVED,all,pass@8,4.85314942914967,6.13900578383421,"[-2.21509294366723, 7.9210578601698955, 8.853483370946343]"
HISTORICAL_FINAL256_OBSERVED,all,pass@16,4.651594177473849,6.247702733319497,"[-2.5338484947184057, 7.686776593487359, 8.801854433652593]"
HISTORICAL_FINAL256_OBSERVED,all,pass@32,4.557291666666667,5.303492670420912,"[-1.5625, 7.8125, 7.421875]"
HISTORICAL_FINAL256_OBSERVED,add_sub_solvable,greedy,4.427083333333333,11.959335940838578,"[-9.375, 11.71875, 10.9375]"
HISTORICAL_FINAL256_OBSERVED,add_sub_solvable,pass@1,4.378255208333333,5.673543077006749,"[-2.1728515625, 7.6904296875, 7.6171875]"
HISTORICAL_FINAL256_OBSERVED,add_sub_solvable,pass@2,6.202221942204304,7.968509287469938,"[-2.6839717741935516, 12.712638608870975, 8.577998991935488]"
HISTORICAL_FINAL256_OBSERVED,add_sub_solvable,pass@4,6.939792767426766,9.288550594273854,"[-3.2821190211345908, 14.863498505283644, 9.237998818131246]"
HISTORICAL_FINAL256_OBSERVED,add_sub_solvable,pass@8,6.643634437520002,9.767914380812652,"[-4.338369199395345, 14.361483453243395, 9.907789058711955]"
HISTORICAL_FINAL256_OBSERVED,add_sub_solvable,pass@16,6.535701329678498,9.65811543456011,"[-4.528111713455658, 13.28137243188678, 10.853843270604372]"
HISTORICAL_FINAL256_OBSERVED,add_sub_solvable,pass@32,6.510416666666667,9.054863880580058,"[-3.90625, 12.5, 10.9375]"
HISTORICAL_FINAL256_OBSERVED,requires_mul_or_div,greedy,4.427083333333333,4.442375549279162,"[3.125, 0.78125, 9.375]"
HISTORICAL_FINAL256_OBSERVED,requires_mul_or_div,pass@1,2.3193359375,3.250647847088523,"[0.9521484375, -0.0244140625, 6.0302734375]"
HISTORICAL_FINAL256_OBSERVED,requires_mul_or_div,pass@2,3.0378444220430105,3.7736648714817935,"[1.1545488911290303, 0.57648689516129, 7.382497479838711]"
HISTORICAL_FINAL256_OBSERVED,requires_mul_or_div,pass@4,3.2668894257508345,4.089792368397463,"[0.7061448484427153, 1.1109348929365943, 7.983588535873194]"
HISTORICAL_FINAL256_OBSERVED,requires_mul_or_div,pass@8,3.06266442077934,4.176609551146281,"[-0.09181668793911513, 1.4806322670963947, 7.799177683180741]"
HISTORICAL_FINAL256_OBSERVED,requires_mul_or_div,pass@16,2.7674870252691988,3.6913483207657958,"[-0.5395852759811355, 2.0921807550879308, 6.7498655967008006]"
HISTORICAL_FINAL256_OBSERVED,requires_mul_or_div,pass@32,2.6041666666666665,1.6263015620829162,"[0.78125, 3.125, 3.90625]"
CONFIRM128_RESERVED,all,greedy,1.8229166666666667,1.1933790872280834,"[1.5625, 0.78125, 3.125]"
CONFIRM128_RESERVED,all,pass@1,3.2633463541666665,1.6839215047366618,"[1.4404296875, 4.7607421875, 3.5888671875]"
CONFIRM128_RESERVED,all,pass@2,4.622920866935485,2.4165819541456774,"[2.1641885080645196, 6.9950226814516085, 4.709551411290327]"
CONFIRM128_RESERVED,all,pass@4,5.5646899332591815,3.0990435480815313,"[2.598764251946612, 8.781588918242498, 5.313716629588434]"
CONFIRM128_RESERVED,all,pass@8,5.812948102949147,4.324025856801187,"[1.8611720911411638, 10.43171321054733, 5.14595900715895]"
CONFIRM128_RESERVED,all,pass@16,5.393798750464005,6.229291060666572,"[-0.2254985887786134, 12.092109166545924, 4.314785673624705]"
CONFIRM128_RESERVED,all,pass@32,4.947916666666667,8.353653610596583,"[-2.34375, 14.0625, 3.125]"
CONFIRM128_RESERVED,add_sub_solvable,greedy,1.5625,0.0,"[1.5625, 1.5625, 1.5625]"
CONFIRM128_RESERVED,add_sub_solvable,pass@1,3.9388020833333335,3.603149505734821,"[0.87890625, 7.91015625, 3.02734375]"
CONFIRM128_RESERVED,add_sub_solvable,pass@2,5.787970430107528,5.085303961620494,"[1.364037298387089, 11.34387600806452, 4.655997983870975]"
CONFIRM128_RESERVED,add_sub_solvable,pass@4,7.115805756396,6.120726586639301,"[1.2400497080088968, 13.45514112903227, 6.652226432146833]"
CONFIRM128_RESERVED,add_sub_solvable,pass@8,7.527023091104709,7.506285006429664,"[-0.3240449086354289, 14.632944338676396, 8.272169843273161]"
CONFIRM128_RESERVED,add_sub_solvable,pass@16,7.104483036578519,9.182065671362437,"[-2.719720844037184, 15.469713062736076, 8.563456891036665]"
CONFIRM128_RESERVED,add_sub_solvable,pass@32,6.25,10.9375,"[-4.6875, 17.1875, 6.25]"
CONFIRM128_RESERVED,requires_mul_or_div,greedy,2.0833333333333335,2.386758174456167,"[1.5625, 0.0, 4.6875]"
CONFIRM128_RESERVED,requires_mul_or_div,pass@1,2.587890625,1.3671875,"[2.001953125, 1.611328125, 4.150390625]"
CONFIRM128_RESERVED,requires_mul_or_div,pass@2,3.4578713037634397,1.1415051600928843,"[2.9643397177419324, 2.646169354838709, 4.763104838709678]"
CONFIRM128_RESERVED,requires_mul_or_div,pass@4,4.013574110122358,0.08228582801962411,"[3.957478795884313, 4.108036707452724, 3.9752068270300356]"
CONFIRM128_RESERVED,requires_mul_or_div,pass@8,4.098873114793583,2.105857532614532,"[4.046389090917732, 6.230482082418263, 2.0197481710447533]"
CONFIRM128_RESERVED,requires_mul_or_div,pass@16,3.6831144643494884,4.494334424067912,"[2.2687236664799464, 8.714505270355767, 0.0661144562127518]"
CONFIRM128_RESERVED,requires_mul_or_div,pass@32,3.6458333333333335,6.314768569261532,"[0.0, 10.9375, 0.0]"
