population,band,metric,matched_seeds,learned_mean_percent,learned_SD_pp,zero_mean_percent,zero_SD_pp,paired_mean_difference_pp,paired_SD_difference_pp
HISTORICAL_FINAL256_OBSERVED,all,greedy,"[17, 29]",35.546875,4.9718445552179125,37.109375,1.6572815184059708,1.5625,6.629126073623883
HISTORICAL_FINAL256_OBSERVED,all,pass@1,"[17, 29]",33.441162109375,2.5118173013340495,35.052490234375,0.6301122439772702,1.611328125,3.1419295453113194
HISTORICAL_FINAL256_OBSERVED,all,pass@2,"[17, 29]",40.385190902217744,5.1873579784783646,43.32511655745967,0.05179004745018659,2.939925655241929,5.239148025928551
HISTORICAL_FINAL256_OBSERVED,all,pass@4,"[17, 29]",46.09580306243048,6.811752720739288,49.44541786881257,0.25319322715617465,3.3496148063820925,6.558559493583114
HISTORICAL_FINAL256_OBSERVED,all,pass@8,"[17, 29]",51.11689769630668,7.767142357234788,53.96988015455801,0.5998013887120822,2.852982458251333,7.167340968522706
HISTORICAL_FINAL256_OBSERVED,all,pass@16,"[17, 29]",55.515826998056056,8.58223098805815,58.09229104744053,1.355157680222498,2.5764640493844766,7.227073307835651
HISTORICAL_FINAL256_OBSERVED,all,pass@32,"[17, 29]",59.5703125,9.66747552403483,62.6953125,3.0383494504109465,3.125,6.629126073623883
HISTORICAL_FINAL256_OBSERVED,add_sub_solvable,greedy,"[17, 29]",61.328125,6.076698900821893,62.5,8.838834764831844,1.171875,14.915533665653737
HISTORICAL_FINAL256_OBSERVED,add_sub_solvable,pass@1,"[17, 29]",57.65380859375,2.5377123250591427,60.41259765625,4.436680731565985,2.7587890625,6.974393056625127
HISTORICAL_FINAL256_OBSERVED,add_sub_solvable,pass@2,"[17, 29]",68.17666330645162,6.417510825977969,73.19099672379033,4.469536783174165,5.014333417338712,10.887047609152134
HISTORICAL_FINAL256_OBSERVED,add_sub_solvable,pass@4,"[17, 29]",75.97474841838154,8.239629484655486,81.76543816045606,4.591259717092314,5.790689742074527,12.8308892017478
HISTORICAL_FINAL256_OBSERVED,add_sub_solvable,pass@8,"[17, 29]",82.09648310860595,8.75493356510054,87.10804023552998,4.467859052769562,5.011557126924025,13.222792617870102
HISTORICAL_FINAL256_OBSERVED,add_sub_solvable,pass@16,"[17, 29]",86.66918219632298,8.43049498496138,91.04581255553853,4.162712023644563,4.376630359215561,12.593207008605942
HISTORICAL_FINAL256_OBSERVED,add_sub_solvable,pass@32,"[17, 29]",89.84375,7.733980419227864,94.140625,3.866990209613932,4.296875,11.600970628841795
HISTORICAL_FINAL256_OBSERVED,requires_mul_or_div,greedy,"[17, 29]",9.765625,3.866990209613932,11.71875,5.524271728019903,1.953125,1.6572815184059708
HISTORICAL_FINAL256_OBSERVED,requires_mul_or_div,pass@1,"[17, 29]",9.228515625,2.4859222776089562,9.6923828125,3.176456243611444,0.4638671875,0.6905339660024878
HISTORICAL_FINAL256_OBSERVED,requires_mul_or_div,pass@2,"[17, 29]",12.593718497983872,3.9572051309787737,13.459236391129032,4.365956688273793,0.8655178931451601,0.4087515572950198
HISTORICAL_FINAL256_OBSERVED,requires_mul_or_div,pass@4,"[17, 29]",16.21685770647942,5.383875956823088,17.125397577169075,5.097646171404662,0.9085398706896548,0.28622978541842614
HISTORICAL_FINAL256_OBSERVED,requires_mul_or_div,pass@8,"[17, 29]",20.137312284007397,6.779351149369021,20.831720073586038,5.6674618301937105,0.6944077895786398,1.1118893191753096
HISTORICAL_FINAL256_OBSERVED,requires_mul_or_div,pass@16,"[17, 29]",24.362471799789127,8.733966991154913,25.138769539342526,6.873027384089571,0.7762977395533976,1.8609396070653428
HISTORICAL_FINAL256_OBSERVED,requires_mul_or_div,pass@32,"[17, 29]",29.296875,11.600970628841795,31.25,9.943689110435825,1.953125,1.6572815184059708
CONFIRM128_RESERVED,all,greedy,"[17, 29]",33.203125,2.7621358640099514,34.375,3.3145630368119416,1.171875,0.5524271728019903
CONFIRM128_RESERVED,all,pass@1,"[17, 29]",30.95703125,2.382342182708583,34.0576171875,0.03452669830012439,3.1005859375,2.3478154844084584
CONFIRM128_RESERVED,all,pass@2,"[17, 29]",36.79908014112903,4.512973597164646,41.378685735887096,1.097057994374926,4.579605594758064,3.4159156027897204
CONFIRM128_RESERVED,all,pass@4,"[17, 29]",41.25672405102892,5.739911889994916,46.94690063612347,1.367994641569642,5.690176585094555,4.371917248425274
CONFIRM128_RESERVED,all,pass@8,"[17, 29]",45.21964397763897,6.8026747492885615,51.36608662848322,0.7423870053183178,6.1464426508442465,6.060287743970243
CONFIRM128_RESERVED,all,pass@16,"[17, 29]",49.41918594439173,8.49090803048487,55.35249123327539,0.21895594130111856,5.9333052888836555,8.709863971785989
CONFIRM128_RESERVED,all,pass@32,"[17, 29]",54.296875,10.496116283237814,60.15625,1.1048543456039805,5.859375,11.600970628841795
CONFIRM128_RESERVED,add_sub_solvable,greedy,"[17, 29]",57.8125,2.209708691207961,59.375,2.209708691207961,1.5625,0.0
CONFIRM128_RESERVED,add_sub_solvable,pass@1,"[17, 29]",54.248046875,1.5191747252054733,58.642578125,3.452669830012439,4.39453125,4.9718445552179125
CONFIRM128_RESERVED,add_sub_solvable,pass@2,"[17, 29]",63.35527973790323,4.4884707790161755,69.70923639112902,2.56834084774474,6.353956653225804,7.056811626760916
CONFIRM128_RESERVED,add_sub_solvable,pass@4,"[17, 29]",70.0041930269744,5.59982336416675,77.351788445495,3.037550612452499,7.347595418520584,8.63737397661925
CONFIRM128_RESERVED,add_sub_solvable,pass@8,"[17, 29]",75.43022629310346,6.086363632145835,82.58467600812394,4.489824890762632,7.154449715020483,10.576188522908467
CONFIRM128_RESERVED,add_sub_solvable,pass@16,"[17, 29]",80.15435010334059,7.13053298330043,86.52934621269003,5.731339078123458,6.374996109349446,12.861872061423888
CONFIRM128_RESERVED,add_sub_solvable,pass@32,"[17, 29]",84.375,8.838834764831844,90.625,6.629126073623883,6.25,15.467960838455728
CONFIRM128_RESERVED,requires_mul_or_div,greedy,"[17, 29]",8.59375,3.3145630368119416,9.375,4.419417382415922,0.78125,1.1048543456039805
CONFIRM128_RESERVED,requires_mul_or_div,pass@1,"[17, 29]",7.666015625,3.2455096402116927,9.47265625,3.521723226612688,1.806640625,0.27621358640099514
CONFIRM128_RESERVED,requires_mul_or_div,pass@2,"[17, 29]",10.24288054435484,4.537476415313122,13.04813508064516,4.762456836494577,2.8052545362903207,0.22498042118145395
CONFIRM128_RESERVED,requires_mul_or_div,pass@4,"[17, 29]",12.509255075083427,5.880000415823098,16.542012826751947,5.77353989559179,4.032757751668519,0.10646052023130799
CONFIRM128_RESERVED,requires_mul_or_div,pass@8,"[17, 29]",15.009061662174496,7.518985866431297,20.147497248842495,5.974598901399259,5.138435586667997,1.544386965032038
CONFIRM128_RESERVED,requires_mul_or_div,pass@16,"[17, 29]",18.684021785442877,9.851283077669304,24.175636253860734,5.293427195521211,5.491614468417857,4.557855882148093
CONFIRM128_RESERVED,requires_mul_or_div,pass@32,"[17, 29]",24.21875,12.153397801643786,29.6875,4.419417382415922,5.46875,7.733980419227864
