policy,population,band,metric,questions,percent
GRPO17,CONFIRM128_RESERVED,add_sub_solvable,greedy,64,65.625
GRPO17,CONFIRM128_RESERVED,add_sub_solvable,pass@1,64,56.689453125
GRPO17,CONFIRM128_RESERVED,add_sub_solvable,pass@2,64,70.20854334677419
GRPO17,CONFIRM128_RESERVED,add_sub_solvable,pass@4,64,79.30899784482759
GRPO17,CONFIRM128_RESERVED,add_sub_solvable,pass@8,64,85.53355847665497
GRPO17,CONFIRM128_RESERVED,add_sub_solvable,pass@16,64,90.6170297942593
GRPO17,CONFIRM128_RESERVED,add_sub_solvable,pass@32,64,95.3125
GRPO17,CONFIRM128_RESERVED,all,greedy,128,36.71875
GRPO17,CONFIRM128_RESERVED,all,pass@1,128,32.1533203125
GRPO17,CONFIRM128_RESERVED,all,pass@2,128,40.8234627016129
GRPO17,CONFIRM128_RESERVED,all,pass@4,128,47.73404911707453
GRPO17,CONFIRM128_RESERVED,all,pass@8,128,53.99135933028626
GRPO17,CONFIRM128_RESERVED,all,pass@16,128,60.264802714242606
GRPO17,CONFIRM128_RESERVED,all,pass@32,128,66.40625
GRPO17,CONFIRM128_RESERVED,requires_mul_or_div,greedy,64,7.8125
GRPO17,CONFIRM128_RESERVED,requires_mul_or_div,pass@1,64,7.6171875
GRPO17,CONFIRM128_RESERVED,requires_mul_or_div,pass@2,64,11.438382056451612
GRPO17,CONFIRM128_RESERVED,requires_mul_or_div,pass@4,64,16.159100389321466
GRPO17,CONFIRM128_RESERVED,requires_mul_or_div,pass@8,64,22.449160183917556
GRPO17,CONFIRM128_RESERVED,requires_mul_or_div,pass@16,64,29.912575634225895
GRPO17,CONFIRM128_RESERVED,requires_mul_or_div,pass@32,64,37.5
GRPO17,HISTORICAL_FINAL256_OBSERVED,add_sub_solvable,greedy,128,71.875
GRPO17,HISTORICAL_FINAL256_OBSERVED,add_sub_solvable,pass@1,128,62.060546875
GRPO17,HISTORICAL_FINAL256_OBSERVED,add_sub_solvable,pass@2,128,76.53887348790323
GRPO17,HISTORICAL_FINAL256_OBSERVED,add_sub_solvable,pass@4,128,85.64390120967742
GRPO17,HISTORICAL_FINAL256_OBSERVED,add_sub_solvable,pass@8,128,90.71099268655581
GRPO17,HISTORICAL_FINAL256_OBSERVED,add_sub_solvable,pass@16,128,93.5400847716164
GRPO17,HISTORICAL_FINAL256_OBSERVED,add_sub_solvable,pass@32,128,95.3125
GRPO17,HISTORICAL_FINAL256_OBSERVED,all,greedy,256,42.96875
GRPO17,HISTORICAL_FINAL256_OBSERVED,all,pass@1,256,37.109375
GRPO17,HISTORICAL_FINAL256_OBSERVED,all,pass@2,256,47.25853704637097
GRPO17,HISTORICAL_FINAL256_OBSERVED,all,pass@4,256,54.97684058676307
GRPO17,HISTORICAL_FINAL256_OBSERVED,all,pass@8,256,60.54867446795109
GRPO17,HISTORICAL_FINAL256_OBSERVED,all,pass@16,256,64.73751720214995
GRPO17,HISTORICAL_FINAL256_OBSERVED,all,pass@32,256,68.75
GRPO17,HISTORICAL_FINAL256_OBSERVED,requires_mul_or_div,greedy,128,14.0625
GRPO17,HISTORICAL_FINAL256_OBSERVED,requires_mul_or_div,pass@1,128,12.158203125
GRPO17,HISTORICAL_FINAL256_OBSERVED,requires_mul_or_div,pass@2,128,17.978200604838708
GRPO17,HISTORICAL_FINAL256_OBSERVED,requires_mul_or_div,pass@4,128,24.309779963848722
GRPO17,HISTORICAL_FINAL256_OBSERVED,requires_mul_or_div,pass@8,128,30.38635624934638
GRPO17,HISTORICAL_FINAL256_OBSERVED,requires_mul_or_div,pass@16,128,35.93494963268349
GRPO17,HISTORICAL_FINAL256_OBSERVED,requires_mul_or_div,pass@32,128,42.1875
GRPO29,CONFIRM128_RESERVED,add_sub_solvable,greedy,64,62.5
GRPO29,CONFIRM128_RESERVED,add_sub_solvable,pass@1,64,57.470703125
GRPO29,CONFIRM128_RESERVED,add_sub_solvable,pass@2,64,68.58933971774194
GRPO29,CONFIRM128_RESERVED,add_sub_solvable,pass@4,64,76.46421370967742
GRPO29,CONFIRM128_RESERVED,add_sub_solvable,pass@8,64,82.12785647989695
GRPO29,CONFIRM128_RESERVED,add_sub_solvable,pass@16,64,86.605531140976
GRPO29,CONFIRM128_RESERVED,add_sub_solvable,pass@32,64,90.625
GRPO29,CONFIRM128_RESERVED,all,greedy,128,34.375
GRPO29,CONFIRM128_RESERVED,all,pass@1,128,32.91015625
GRPO29,CONFIRM128_RESERVED,all,pass@2,128,40.454889112903224
GRPO29,CONFIRM128_RESERVED,all,pass@4,128,47.01065419911012
GRPO29,CONFIRM128_RESERVED,all,pass@8,128,52.92881097705903
GRPO29,CONFIRM128_RESERVED,all,pass@16,128,58.49096154306622
GRPO29,CONFIRM128_RESERVED,all,pass@32,128,64.0625
GRPO29,CONFIRM128_RESERVED,requires_mul_or_div,greedy,64,6.25
GRPO29,CONFIRM128_RESERVED,requires_mul_or_div,pass@1,64,8.349609375
GRPO29,CONFIRM128_RESERVED,requires_mul_or_div,pass@2,64,12.320438508064516
GRPO29,CONFIRM128_RESERVED,requires_mul_or_div,pass@4,64,17.557094688542822
GRPO29,CONFIRM128_RESERVED,requires_mul_or_div,pass@8,64,23.72976547422112
GRPO29,CONFIRM128_RESERVED,requires_mul_or_div,pass@16,64,30.376391945156456
GRPO29,CONFIRM128_RESERVED,requires_mul_or_div,pass@32,64,37.5
GRPO29,HISTORICAL_FINAL256_OBSERVED,add_sub_solvable,greedy,128,70.3125
GRPO29,HISTORICAL_FINAL256_OBSERVED,add_sub_solvable,pass@1,128,61.71875
GRPO29,HISTORICAL_FINAL256_OBSERVED,add_sub_solvable,pass@2,128,73.23588709677419
GRPO29,HISTORICAL_FINAL256_OBSERVED,add_sub_solvable,pass@4,128,80.92683276557285
GRPO29,HISTORICAL_FINAL256_OBSERVED,add_sub_solvable,pass@8,128,85.66513399563142
GRPO29,HISTORICAL_FINAL256_OBSERVED,add_sub_solvable,pass@16,128,88.52341448168231
GRPO29,HISTORICAL_FINAL256_OBSERVED,add_sub_solvable,pass@32,128,90.625
GRPO29,HISTORICAL_FINAL256_OBSERVED,all,greedy,256,41.796875
GRPO29,HISTORICAL_FINAL256_OBSERVED,all,pass@1,256,36.77978515625
GRPO29,HISTORICAL_FINAL256_OBSERVED,all,pass@2,256,45.040795110887096
GRPO29,HISTORICAL_FINAL256_OBSERVED,all,pass@4,256,51.51970070912124
GRPO29,HISTORICAL_FINAL256_OBSERVED,all,pass@8,256,56.512827494699714
GRPO29,HISTORICAL_FINAL256_OBSERVED,all,pass@16,256,60.45346048614125
GRPO29,HISTORICAL_FINAL256_OBSERVED,all,pass@32,256,63.671875
GRPO29,HISTORICAL_FINAL256_OBSERVED,requires_mul_or_div,greedy,128,13.28125
GRPO29,HISTORICAL_FINAL256_OBSERVED,requires_mul_or_div,pass@1,128,11.8408203125
GRPO29,HISTORICAL_FINAL256_OBSERVED,requires_mul_or_div,pass@2,128,16.845703125
GRPO29,HISTORICAL_FINAL256_OBSERVED,requires_mul_or_div,pass@4,128,22.11256865266963
GRPO29,HISTORICAL_FINAL256_OBSERVED,requires_mul_or_div,pass@8,128,27.360520993768006
GRPO29,HISTORICAL_FINAL256_OBSERVED,requires_mul_or_div,pass@16,128,32.3835064906002
GRPO29,HISTORICAL_FINAL256_OBSERVED,requires_mul_or_div,pass@32,128,36.71875
GRPO43,CONFIRM128_RESERVED,add_sub_solvable,greedy,64,54.6875
GRPO43,CONFIRM128_RESERVED,add_sub_solvable,pass@1,64,52.44140625
GRPO43,CONFIRM128_RESERVED,add_sub_solvable,pass@2,64,62.194430443548384
GRPO43,CONFIRM128_RESERVED,add_sub_solvable,pass@4,64,69.25563994716352
GRPO43,CONFIRM128_RESERVED,add_sub_solvable,pass@8,64,74.7085932969206
GRPO43,CONFIRM128_RESERVED,add_sub_solvable,pass@16,64,78.7553090470353
GRPO43,CONFIRM128_RESERVED,add_sub_solvable,pass@32,64,81.25
GRPO43,CONFIRM128_RESERVED,all,greedy,128,30.46875
GRPO43,CONFIRM128_RESERVED,all,pass@1,128,30.2734375
GRPO43,CONFIRM128_RESERVED,all,pass@2,128,36.80065524193548
GRPO43,CONFIRM128_RESERVED,all,pass@4,128,42.552684406284754
GRPO43,CONFIRM128_RESERVED,all,pass@8,128,48.562865508803704
GRPO43,CONFIRM128_RESERVED,all,pass@16,128,54.91193837285642
GRPO43,CONFIRM128_RESERVED,all,pass@32,128,61.71875
GRPO43,CONFIRM128_RESERVED,requires_mul_or_div,greedy,64,6.25
GRPO43,CONFIRM128_RESERVED,requires_mul_or_div,pass@1,64,8.10546875
GRPO43,CONFIRM128_RESERVED,requires_mul_or_div,pass@2,64,11.40688004032258
GRPO43,CONFIRM128_RESERVED,requires_mul_or_div,pass@4,64,15.849728865406007
GRPO43,CONFIRM128_RESERVED,requires_mul_or_div,pass@8,64,22.417137720686803
GRPO43,CONFIRM128_RESERVED,requires_mul_or_div,pass@16,64,31.06856769867754
GRPO43,CONFIRM128_RESERVED,requires_mul_or_div,pass@32,64,42.1875
GRPO43,HISTORICAL_FINAL256_OBSERVED,add_sub_solvable,greedy,128,60.15625
GRPO43,HISTORICAL_FINAL256_OBSERVED,add_sub_solvable,pass@1,128,54.6142578125
GRPO43,HISTORICAL_FINAL256_OBSERVED,add_sub_solvable,pass@2,128,64.05147429435483
GRPO43,HISTORICAL_FINAL256_OBSERVED,add_sub_solvable,pass@4,128,70.76476032397107
GRPO43,HISTORICAL_FINAL256_OBSERVED,add_sub_solvable,pass@8,128,76.55955750929333
GRPO43,HISTORICAL_FINAL256_OBSERVED,add_sub_solvable,pass@16,128,81.74835255423363
GRPO43,HISTORICAL_FINAL256_OBSERVED,add_sub_solvable,pass@32,128,85.15625
GRPO43,HISTORICAL_FINAL256_OBSERVED,all,greedy,256,35.15625
GRPO43,HISTORICAL_FINAL256_OBSERVED,all,pass@1,256,32.6416015625
GRPO43,HISTORICAL_FINAL256_OBSERVED,all,pass@2,256,39.49565272177419
GRPO43,HISTORICAL_FINAL256_OBSERVED,all,pass@4,256,45.16039957591769
GRPO43,HISTORICAL_FINAL256_OBSERVED,all,pass@8,256,50.510012757527356
GRPO43,HISTORICAL_FINAL256_OBSERVED,all,pass@16,256,55.749580366420496
GRPO43,HISTORICAL_FINAL256_OBSERVED,all,pass@32,256,60.15625
GRPO43,HISTORICAL_FINAL256_OBSERVED,requires_mul_or_div,greedy,128,10.15625
GRPO43,HISTORICAL_FINAL256_OBSERVED,requires_mul_or_div,pass@1,128,10.6689453125
GRPO43,HISTORICAL_FINAL256_OBSERVED,requires_mul_or_div,pass@2,128,14.939831149193546
GRPO43,HISTORICAL_FINAL256_OBSERVED,requires_mul_or_div,pass@4,128,19.556038827864295
GRPO43,HISTORICAL_FINAL256_OBSERVED,requires_mul_or_div,pass@8,128,24.46046800576139
GRPO43,HISTORICAL_FINAL256_OBSERVED,requires_mul_or_div,pass@16,128,29.750808178607357
GRPO43,HISTORICAL_FINAL256_OBSERVED,requires_mul_or_div,pass@32,128,35.15625
PPO17,CONFIRM128_RESERVED,add_sub_solvable,greedy,64,59.375
PPO17,CONFIRM128_RESERVED,add_sub_solvable,pass@1,64,55.322265625
PPO17,CONFIRM128_RESERVED,add_sub_solvable,pass@2,64,66.52910786290323
PPO17,CONFIRM128_RESERVED,add_sub_solvable,pass@4,64,73.96386610122359
PPO17,CONFIRM128_RESERVED,add_sub_solvable,pass@8,64,79.73393529016096
PPO17,CONFIRM128_RESERVED,add_sub_solvable,pass@16,64,85.19639832930666
PPO17,CONFIRM128_RESERVED,add_sub_solvable,pass@32,64,90.625
PPO17,CONFIRM128_RESERVED,all,greedy,128,35.15625
PPO17,CONFIRM128_RESERVED,all,pass@1,128,32.6416015625
PPO17,CONFIRM128_RESERVED,all,pass@2,128,39.990234375
PPO17,CONFIRM128_RESERVED,all,pass@4,128,45.315454671857616
PPO17,CONFIRM128_RESERVED,all,pass@8,128,50.02986142306741
PPO17,CONFIRM128_RESERVED,all,pass@16,128,55.423164591178896
PPO17,CONFIRM128_RESERVED,all,pass@32,128,61.71875
PPO17,CONFIRM128_RESERVED,requires_mul_or_div,greedy,64,10.9375
PPO17,CONFIRM128_RESERVED,requires_mul_or_div,pass@1,64,9.9609375
PPO17,CONFIRM128_RESERVED,requires_mul_or_div,pass@2,64,13.451360887096776
PPO17,CONFIRM128_RESERVED,requires_mul_or_div,pass@4,64,16.66704324249166
PPO17,CONFIRM128_RESERVED,requires_mul_or_div,pass@8,64,20.325787555973875
PPO17,CONFIRM128_RESERVED,requires_mul_or_div,pass@16,64,25.649930853051124
PPO17,CONFIRM128_RESERVED,requires_mul_or_div,pass@32,64,32.8125
PPO17,HISTORICAL_FINAL256_OBSERVED,add_sub_solvable,greedy,128,65.625
PPO17,HISTORICAL_FINAL256_OBSERVED,add_sub_solvable,pass@1,128,59.4482421875
PPO17,HISTORICAL_FINAL256_OBSERVED,add_sub_solvable,pass@2,128,72.71452872983872
PPO17,HISTORICAL_FINAL256_OBSERVED,add_sub_solvable,pass@4,128,81.80104630144605
PPO17,HISTORICAL_FINAL256_OBSERVED,add_sub_solvable,pass@8,128,88.28715600132627
PPO17,HISTORICAL_FINAL256_OBSERVED,add_sub_solvable,pass@16,128,92.63044236894835
PPO17,HISTORICAL_FINAL256_OBSERVED,add_sub_solvable,pass@32,128,95.3125
PPO17,HISTORICAL_FINAL256_OBSERVED,all,greedy,256,39.0625
PPO17,HISTORICAL_FINAL256_OBSERVED,all,pass@1,256,35.21728515625
PPO17,HISTORICAL_FINAL256_OBSERVED,all,pass@2,256,44.053206905241936
PPO17,HISTORICAL_FINAL256_OBSERVED,all,pass@4,256,50.912439603031146
PPO17,HISTORICAL_FINAL256_OBSERVED,all,pass@8,256,56.60909672754866
PPO17,HISTORICAL_FINAL256_OBSERVED,all,pass@16,256,61.5843807274213
PPO17,HISTORICAL_FINAL256_OBSERVED,all,pass@32,256,66.40625
PPO17,HISTORICAL_FINAL256_OBSERVED,requires_mul_or_div,greedy,128,12.5
PPO17,HISTORICAL_FINAL256_OBSERVED,requires_mul_or_div,pass@1,128,10.986328125
PPO17,HISTORICAL_FINAL256_OBSERVED,requires_mul_or_div,pass@2,128,15.391885080645162
PPO17,HISTORICAL_FINAL256_OBSERVED,requires_mul_or_div,pass@4,128,20.02383290461624
PPO17,HISTORICAL_FINAL256_OBSERVED,requires_mul_or_div,pass@8,128,24.931037453771047
PPO17,HISTORICAL_FINAL256_OBSERVED,requires_mul_or_div,pass@16,128,30.538319085894233
PPO17,HISTORICAL_FINAL256_OBSERVED,requires_mul_or_div,pass@32,128,37.5
PPO29,CONFIRM128_RESERVED,add_sub_solvable,greedy,64,56.25
PPO29,CONFIRM128_RESERVED,add_sub_solvable,pass@1,64,53.173828125
PPO29,CONFIRM128_RESERVED,add_sub_solvable,pass@2,64,60.181451612903224
PPO29,CONFIRM128_RESERVED,add_sub_solvable,pass@4,64,66.04451995272524
PPO29,CONFIRM128_RESERVED,add_sub_solvable,pass@8,64,71.12651729604595
PPO29,CONFIRM128_RESERVED,add_sub_solvable,pass@16,64,75.1123018773745
PPO29,CONFIRM128_RESERVED,add_sub_solvable,pass@32,64,78.125
PPO29,CONFIRM128_RESERVED,all,greedy,128,31.25
PPO29,CONFIRM128_RESERVED,all,pass@1,128,29.2724609375
PPO29,CONFIRM128_RESERVED,all,pass@2,128,33.607925907258064
PPO29,CONFIRM128_RESERVED,all,pass@4,128,37.19799343020022
PPO29,CONFIRM128_RESERVED,all,pass@8,128,40.40942653221053
PPO29,CONFIRM128_RESERVED,all,pass@16,128,43.41520729760457
PPO29,CONFIRM128_RESERVED,all,pass@32,128,46.875
PPO29,CONFIRM128_RESERVED,requires_mul_or_div,greedy,64,6.25
PPO29,CONFIRM128_RESERVED,requires_mul_or_div,pass@1,64,5.37109375
PPO29,CONFIRM128_RESERVED,requires_mul_or_div,pass@2,64,7.034400201612903
PPO29,CONFIRM128_RESERVED,requires_mul_or_div,pass@4,64,8.351466907675196
PPO29,CONFIRM128_RESERVED,requires_mul_or_div,pass@8,64,9.692335768375118
PPO29,CONFIRM128_RESERVED,requires_mul_or_div,pass@16,64,11.71811271783463
PPO29,CONFIRM128_RESERVED,requires_mul_or_div,pass@32,64,15.625
PPO29,HISTORICAL_FINAL256_OBSERVED,add_sub_solvable,greedy,128,57.03125
PPO29,HISTORICAL_FINAL256_OBSERVED,add_sub_solvable,pass@1,128,55.859375
PPO29,HISTORICAL_FINAL256_OBSERVED,add_sub_solvable,pass@2,128,63.63879788306451
PPO29,HISTORICAL_FINAL256_OBSERVED,add_sub_solvable,pass@4,128,70.14845053531702
PPO29,HISTORICAL_FINAL256_OBSERVED,add_sub_solvable,pass@8,128,75.90581021588565
PPO29,HISTORICAL_FINAL256_OBSERVED,add_sub_solvable,pass@16,128,80.7079220236976
PPO29,HISTORICAL_FINAL256_OBSERVED,add_sub_solvable,pass@32,128,84.375
PPO29,HISTORICAL_FINAL256_OBSERVED,all,greedy,256,32.03125
PPO29,HISTORICAL_FINAL256_OBSERVED,all,pass@1,256,31.6650390625
PPO29,HISTORICAL_FINAL256_OBSERVED,all,pass@2,256,36.71717489919355
PPO29,HISTORICAL_FINAL256_OBSERVED,all,pass@4,256,41.279166521829815
PPO29,HISTORICAL_FINAL256_OBSERVED,all,pass@8,256,45.62469866506469
PPO29,HISTORICAL_FINAL256_OBSERVED,all,pass@16,256,49.447273268690815
PPO29,HISTORICAL_FINAL256_OBSERVED,all,pass@32,256,52.734375
PPO29,HISTORICAL_FINAL256_OBSERVED,requires_mul_or_div,greedy,128,7.03125
PPO29,HISTORICAL_FINAL256_OBSERVED,requires_mul_or_div,pass@1,128,7.470703125
PPO29,HISTORICAL_FINAL256_OBSERVED,requires_mul_or_div,pass@2,128,9.79555191532258
PPO29,HISTORICAL_FINAL256_OBSERVED,requires_mul_or_div,pass@4,128,12.409882508342603
PPO29,HISTORICAL_FINAL256_OBSERVED,requires_mul_or_div,pass@8,128,15.343587114243748
PPO29,HISTORICAL_FINAL256_OBSERVED,requires_mul_or_div,pass@16,128,18.18662451368402
PPO29,HISTORICAL_FINAL256_OBSERVED,requires_mul_or_div,pass@32,128,21.09375
PPO43,CONFIRM128_RESERVED,add_sub_solvable,greedy,64,60.9375
PPO43,CONFIRM128_RESERVED,add_sub_solvable,pass@1,64,57.666015625
PPO43,CONFIRM128_RESERVED,add_sub_solvable,pass@2,64,64.98235887096774
PPO43,CONFIRM128_RESERVED,add_sub_solvable,pass@4,64,69.82215482480534
PPO43,CONFIRM128_RESERVED,add_sub_solvable,pass@8,64,74.11864381601589
PPO43,CONFIRM128_RESERVED,add_sub_solvable,pass@16,64,78.94663546480862
PPO43,CONFIRM128_RESERVED,add_sub_solvable,pass@32,64,84.375
PPO43,CONFIRM128_RESERVED,all,greedy,128,32.8125
PPO43,CONFIRM128_RESERVED,all,pass@1,128,31.201171875
PPO43,CONFIRM128_RESERVED,all,pass@2,128,36.45728326612903
PPO43,CONFIRM128_RESERVED,all,pass@4,128,41.04877815628476
PPO43,CONFIRM128_RESERVED,all,pass@8,128,45.92208601615756
PPO43,CONFIRM128_RESERVED,all,pass@16,128,51.21322314931951
PPO43,CONFIRM128_RESERVED,all,pass@32,128,56.25
PPO43,CONFIRM128_RESERVED,requires_mul_or_div,greedy,64,4.6875
PPO43,CONFIRM128_RESERVED,requires_mul_or_div,pass@1,64,4.736328125
PPO43,CONFIRM128_RESERVED,requires_mul_or_div,pass@2,64,7.932207661290322
PPO43,CONFIRM128_RESERVED,requires_mul_or_div,pass@4,64,12.275401487764181
PPO43,CONFIRM128_RESERVED,requires_mul_or_div,pass@8,64,17.72552821629921
PPO43,CONFIRM128_RESERVED,requires_mul_or_div,pass@16,64,23.4798108338304
PPO43,CONFIRM128_RESERVED,requires_mul_or_div,pass@32,64,28.125
PPO43,HISTORICAL_FINAL256_OBSERVED,add_sub_solvable,greedy,128,59.375
PPO43,HISTORICAL_FINAL256_OBSERVED,add_sub_solvable,pass@1,128,57.12890625
PPO43,HISTORICAL_FINAL256_OBSERVED,add_sub_solvable,pass@2,128,64.0199722782258
PPO43,HISTORICAL_FINAL256_OBSERVED,add_sub_solvable,pass@4,128,68.7409839057286
PPO43,HISTORICAL_FINAL256_OBSERVED,add_sub_solvable,pass@8,128,72.61263308650162
PPO43,HISTORICAL_FINAL256_OBSERVED,add_sub_solvable,pass@16,128,76.27131328629353
PPO43,HISTORICAL_FINAL256_OBSERVED,add_sub_solvable,pass@32,128,80.46875
PPO43,HISTORICAL_FINAL256_OBSERVED,all,greedy,256,30.078125
PPO43,HISTORICAL_FINAL256_OBSERVED,all,pass@1,256,30.322265625
PPO43,HISTORICAL_FINAL256_OBSERVED,all,pass@2,256,34.917622227822584
PPO43,HISTORICAL_FINAL256_OBSERVED,all,pass@4,256,38.958869229699665
PPO43,HISTORICAL_FINAL256_OBSERVED,all,pass@8,256,43.12064991788122
PPO43,HISTORICAL_FINAL256_OBSERVED,all,pass@16,256,47.674117408431215
PPO43,HISTORICAL_FINAL256_OBSERVED,all,pass@32,256,52.734375
PPO43,HISTORICAL_FINAL256_OBSERVED,requires_mul_or_div,greedy,128,0.78125
PPO43,HISTORICAL_FINAL256_OBSERVED,requires_mul_or_div,pass@1,128,3.515625
PPO43,HISTORICAL_FINAL256_OBSERVED,requires_mul_or_div,pass@2,128,5.815272177419355
PPO43,HISTORICAL_FINAL256_OBSERVED,requires_mul_or_div,pass@4,128,9.176754553670746
PPO43,HISTORICAL_FINAL256_OBSERVED,requires_mul_or_div,pass@8,128,13.628666749260812
PPO43,HISTORICAL_FINAL256_OBSERVED,requires_mul_or_div,pass@16,128,19.076921530568896
PPO43,HISTORICAL_FINAL256_OBSERVED,requires_mul_or_div,pass@32,128,25.0
PPO_ZERO17,CONFIRM128_RESERVED,add_sub_solvable,greedy,64,60.9375
PPO_ZERO17,CONFIRM128_RESERVED,add_sub_solvable,pass@1,64,56.201171875
PPO_ZERO17,CONFIRM128_RESERVED,add_sub_solvable,pass@2,64,67.89314516129032
PPO_ZERO17,CONFIRM128_RESERVED,add_sub_solvable,pass@4,64,75.20391580923248
PPO_ZERO17,CONFIRM128_RESERVED,add_sub_solvable,pass@8,64,79.40989038152553
PPO_ZERO17,CONFIRM128_RESERVED,add_sub_solvable,pass@16,64,82.47667748526948
PPO_ZERO17,CONFIRM128_RESERVED,add_sub_solvable,pass@32,64,85.9375
PPO_ZERO17,CONFIRM128_RESERVED,all,greedy,128,36.71875
PPO_ZERO17,CONFIRM128_RESERVED,all,pass@1,128,34.08203125
PPO_ZERO17,CONFIRM128_RESERVED,all,pass@2,128,42.15442288306452
PPO_ZERO17,CONFIRM128_RESERVED,all,pass@4,128,47.91421892380423
PPO_ZERO17,CONFIRM128_RESERVED,all,pass@8,128,51.89103351420857
PPO_ZERO17,CONFIRM128_RESERVED,all,pass@16,128,55.19766600240028
PPO_ZERO17,CONFIRM128_RESERVED,all,pass@32,128,59.375
PPO_ZERO17,CONFIRM128_RESERVED,requires_mul_or_div,greedy,64,12.5
PPO_ZERO17,CONFIRM128_RESERVED,requires_mul_or_div,pass@1,64,11.962890625
PPO_ZERO17,CONFIRM128_RESERVED,requires_mul_or_div,pass@2,64,16.415700604838708
PPO_ZERO17,CONFIRM128_RESERVED,requires_mul_or_div,pass@4,64,20.62452203837597
PPO_ZERO17,CONFIRM128_RESERVED,requires_mul_or_div,pass@8,64,24.372176646891607
PPO_ZERO17,CONFIRM128_RESERVED,requires_mul_or_div,pass@16,64,27.91865451953107
PPO_ZERO17,CONFIRM128_RESERVED,requires_mul_or_div,pass@32,64,32.8125
PPO_ZERO17,HISTORICAL_FINAL256_OBSERVED,add_sub_solvable,greedy,128,56.25
PPO_ZERO17,HISTORICAL_FINAL256_OBSERVED,add_sub_solvable,pass@1,128,57.275390625
PPO_ZERO17,HISTORICAL_FINAL256_OBSERVED,add_sub_solvable,pass@2,128,70.03055695564517
PPO_ZERO17,HISTORICAL_FINAL256_OBSERVED,add_sub_solvable,pass@4,128,78.51892728031146
PPO_ZERO17,HISTORICAL_FINAL256_OBSERVED,add_sub_solvable,pass@8,128,83.94878680193092
PPO_ZERO17,HISTORICAL_FINAL256_OBSERVED,add_sub_solvable,pass@16,128,88.1023306554927
PPO_ZERO17,HISTORICAL_FINAL256_OBSERVED,add_sub_solvable,pass@32,128,91.40625
PPO_ZERO17,HISTORICAL_FINAL256_OBSERVED,all,greedy,256,35.9375
PPO_ZERO17,HISTORICAL_FINAL256_OBSERVED,all,pass@1,256,34.60693359375
PPO_ZERO17,HISTORICAL_FINAL256_OBSERVED,all,pass@2,256,43.28849546370967
PPO_ZERO17,HISTORICAL_FINAL256_OBSERVED,all,pass@4,256,49.62445251668521
PPO_ZERO17,HISTORICAL_FINAL256_OBSERVED,all,pass@8,256,54.39400378388143
PPO_ZERO17,HISTORICAL_FINAL256_OBSERVED,all,pass@16,256,59.05053223270289
PPO_ZERO17,HISTORICAL_FINAL256_OBSERVED,all,pass@32,256,64.84375
PPO_ZERO17,HISTORICAL_FINAL256_OBSERVED,requires_mul_or_div,greedy,128,15.625
PPO_ZERO17,HISTORICAL_FINAL256_OBSERVED,requires_mul_or_div,pass@1,128,11.9384765625
PPO_ZERO17,HISTORICAL_FINAL256_OBSERVED,requires_mul_or_div,pass@2,128,16.546433971774192
PPO_ZERO17,HISTORICAL_FINAL256_OBSERVED,requires_mul_or_div,pass@4,128,20.729977753058954
PPO_ZERO17,HISTORICAL_FINAL256_OBSERVED,requires_mul_or_div,pass@8,128,24.839220765831932
PPO_ZERO17,HISTORICAL_FINAL256_OBSERVED,requires_mul_or_div,pass@16,128,29.998733809913098
PPO_ZERO17,HISTORICAL_FINAL256_OBSERVED,requires_mul_or_div,pass@32,128,38.28125
PPO_ZERO29,CONFIRM128_RESERVED,add_sub_solvable,greedy,64,57.8125
PPO_ZERO29,CONFIRM128_RESERVED,add_sub_solvable,pass@1,64,61.083984375
PPO_ZERO29,CONFIRM128_RESERVED,add_sub_solvable,pass@2,64,71.52532762096774
PPO_ZERO29,CONFIRM128_RESERVED,add_sub_solvable,pass@4,64,79.49966108175751
PPO_ZERO29,CONFIRM128_RESERVED,add_sub_solvable,pass@8,64,85.75946163472234
PPO_ZERO29,CONFIRM128_RESERVED,add_sub_solvable,pass@16,64,90.58201494011058
PPO_ZERO29,CONFIRM128_RESERVED,add_sub_solvable,pass@32,64,95.3125
PPO_ZERO29,CONFIRM128_RESERVED,all,greedy,128,32.03125
PPO_ZERO29,CONFIRM128_RESERVED,all,pass@1,128,34.033203125
PPO_ZERO29,CONFIRM128_RESERVED,all,pass@2,128,40.60294858870967
PPO_ZERO29,CONFIRM128_RESERVED,all,pass@4,128,45.97958234844272
PPO_ZERO29,CONFIRM128_RESERVED,all,pass@8,128,50.84113974275786
PPO_ZERO29,CONFIRM128_RESERVED,all,pass@16,128,55.50731646415049
PPO_ZERO29,CONFIRM128_RESERVED,all,pass@32,128,60.9375
PPO_ZERO29,CONFIRM128_RESERVED,requires_mul_or_div,greedy,64,6.25
PPO_ZERO29,CONFIRM128_RESERVED,requires_mul_or_div,pass@1,64,6.982421875
PPO_ZERO29,CONFIRM128_RESERVED,requires_mul_or_div,pass@2,64,9.680569556451612
PPO_ZERO29,CONFIRM128_RESERVED,requires_mul_or_div,pass@4,64,12.45950361512792
PPO_ZERO29,CONFIRM128_RESERVED,requires_mul_or_div,pass@8,64,15.92281785079338
PPO_ZERO29,CONFIRM128_RESERVED,requires_mul_or_div,pass@16,64,20.432617988190398
PPO_ZERO29,CONFIRM128_RESERVED,requires_mul_or_div,pass@32,64,26.5625
PPO_ZERO29,HISTORICAL_FINAL256_OBSERVED,add_sub_solvable,greedy,128,68.75
PPO_ZERO29,HISTORICAL_FINAL256_OBSERVED,add_sub_solvable,pass@1,128,63.5498046875
PPO_ZERO29,HISTORICAL_FINAL256_OBSERVED,add_sub_solvable,pass@2,128,76.35143649193549
PPO_ZERO29,HISTORICAL_FINAL256_OBSERVED,add_sub_solvable,pass@4,128,85.01194904060067
PPO_ZERO29,HISTORICAL_FINAL256_OBSERVED,add_sub_solvable,pass@8,128,90.26729366912905
PPO_ZERO29,HISTORICAL_FINAL256_OBSERVED,add_sub_solvable,pass@16,128,93.98929445558439
PPO_ZERO29,HISTORICAL_FINAL256_OBSERVED,add_sub_solvable,pass@32,128,96.875
PPO_ZERO29,HISTORICAL_FINAL256_OBSERVED,all,greedy,256,38.28125
PPO_ZERO29,HISTORICAL_FINAL256_OBSERVED,all,pass@1,256,35.498046875
PPO_ZERO29,HISTORICAL_FINAL256_OBSERVED,all,pass@2,256,43.36173765120967
PPO_ZERO29,HISTORICAL_FINAL256_OBSERVED,all,pass@4,256,49.266383220939936
PPO_ZERO29,HISTORICAL_FINAL256_OBSERVED,all,pass@8,256,53.54575652523459
PPO_ZERO29,HISTORICAL_FINAL256_OBSERVED,all,pass@16,256,57.13404986217817
PPO_ZERO29,HISTORICAL_FINAL256_OBSERVED,all,pass@32,256,60.546875
PPO_ZERO29,HISTORICAL_FINAL256_OBSERVED,requires_mul_or_div,greedy,128,7.8125
PPO_ZERO29,HISTORICAL_FINAL256_OBSERVED,requires_mul_or_div,pass@1,128,7.4462890625
PPO_ZERO29,HISTORICAL_FINAL256_OBSERVED,requires_mul_or_div,pass@2,128,10.37203881048387
PPO_ZERO29,HISTORICAL_FINAL256_OBSERVED,requires_mul_or_div,pass@4,128,13.520817401279198
PPO_ZERO29,HISTORICAL_FINAL256_OBSERVED,requires_mul_or_div,pass@8,128,16.824219381340143
PPO_ZERO29,HISTORICAL_FINAL256_OBSERVED,requires_mul_or_div,pass@16,128,20.27880526877195
PPO_ZERO29,HISTORICAL_FINAL256_OBSERVED,requires_mul_or_div,pass@32,128,24.21875
PPO_ZERO43,CONFIRM128_RESERVED,add_sub_solvable,greedy,64,62.5
PPO_ZERO43,CONFIRM128_RESERVED,add_sub_solvable,pass@1,64,60.693359375
PPO_ZERO43,CONFIRM128_RESERVED,add_sub_solvable,pass@2,64,69.63835685483872
PPO_ZERO43,CONFIRM128_RESERVED,add_sub_solvable,pass@4,64,76.47438125695217
PPO_ZERO43,CONFIRM128_RESERVED,add_sub_solvable,pass@8,64,82.39081365928905
PPO_ZERO43,CONFIRM128_RESERVED,add_sub_solvable,pass@16,64,87.51009235584529
PPO_ZERO43,CONFIRM128_RESERVED,add_sub_solvable,pass@32,64,90.625
PPO_ZERO43,CONFIRM128_RESERVED,all,greedy,128,35.9375
PPO_ZERO43,CONFIRM128_RESERVED,all,pass@1,128,34.7900390625
PPO_ZERO43,CONFIRM128_RESERVED,all,pass@2,128,41.16683467741936
PPO_ZERO43,CONFIRM128_RESERVED,all,pass@4,128,46.362494785873196
PPO_ZERO43,CONFIRM128_RESERVED,all,pass@8,128,51.06804502331651
PPO_ZERO43,CONFIRM128_RESERVED,all,pass@16,128,55.528008822944216
PPO_ZERO43,CONFIRM128_RESERVED,all,pass@32,128,59.375
PPO_ZERO43,CONFIRM128_RESERVED,requires_mul_or_div,greedy,64,9.375
PPO_ZERO43,CONFIRM128_RESERVED,requires_mul_or_div,pass@1,64,8.88671875
PPO_ZERO43,CONFIRM128_RESERVED,requires_mul_or_div,pass@2,64,12.6953125
PPO_ZERO43,CONFIRM128_RESERVED,requires_mul_or_div,pass@4,64,16.250608314794217
PPO_ZERO43,CONFIRM128_RESERVED,requires_mul_or_div,pass@8,64,19.745276387343964
PPO_ZERO43,CONFIRM128_RESERVED,requires_mul_or_div,pass@16,64,23.54592529004315
PPO_ZERO43,CONFIRM128_RESERVED,requires_mul_or_div,pass@32,64,28.125
PPO_ZERO43,HISTORICAL_FINAL256_OBSERVED,add_sub_solvable,greedy,128,70.3125
PPO_ZERO43,HISTORICAL_FINAL256_OBSERVED,add_sub_solvable,pass@1,128,64.74609375
PPO_ZERO43,HISTORICAL_FINAL256_OBSERVED,add_sub_solvable,pass@2,128,72.59797127016128
PPO_ZERO43,HISTORICAL_FINAL256_OBSERVED,add_sub_solvable,pass@4,128,77.97898272385984
PPO_ZERO43,HISTORICAL_FINAL256_OBSERVED,add_sub_solvable,pass@8,128,82.52042214521357
PPO_ZERO43,HISTORICAL_FINAL256_OBSERVED,add_sub_solvable,pass@16,128,87.1251565568979
PPO_ZERO43,HISTORICAL_FINAL256_OBSERVED,add_sub_solvable,pass@32,128,91.40625
PPO_ZERO43,HISTORICAL_FINAL256_OBSERVED,all,greedy,256,40.234375
PPO_ZERO43,HISTORICAL_FINAL256_OBSERVED,all,pass@1,256,37.14599609375
PPO_ZERO43,HISTORICAL_FINAL256_OBSERVED,all,pass@2,256,42.89787046370967
PPO_ZERO43,HISTORICAL_FINAL256_OBSERVED,all,pass@4,256,47.56966290670189
PPO_ZERO43,HISTORICAL_FINAL256_OBSERVED,all,pass@8,256,51.97413328882756
PPO_ZERO43,HISTORICAL_FINAL256_OBSERVED,all,pass@16,256,56.47597184208381
PPO_ZERO43,HISTORICAL_FINAL256_OBSERVED,all,pass@32,256,60.15625
PPO_ZERO43,HISTORICAL_FINAL256_OBSERVED,requires_mul_or_div,greedy,128,10.15625
PPO_ZERO43,HISTORICAL_FINAL256_OBSERVED,requires_mul_or_div,pass@1,128,9.5458984375
PPO_ZERO43,HISTORICAL_FINAL256_OBSERVED,requires_mul_or_div,pass@2,128,13.197769657258066
PPO_ZERO43,HISTORICAL_FINAL256_OBSERVED,requires_mul_or_div,pass@4,128,17.16034308954394
PPO_ZERO43,HISTORICAL_FINAL256_OBSERVED,requires_mul_or_div,pass@8,128,21.427844432441553
PPO_ZERO43,HISTORICAL_FINAL256_OBSERVED,requires_mul_or_div,pass@16,128,25.826787127269696
PPO_ZERO43,HISTORICAL_FINAL256_OBSERVED,requires_mul_or_div,pass@32,128,28.90625
RFT17,CONFIRM128_RESERVED,add_sub_solvable,greedy,64,54.6875
RFT17,CONFIRM128_RESERVED,add_sub_solvable,pass@1,64,55.6640625
RFT17,CONFIRM128_RESERVED,add_sub_solvable,pass@2,64,58.94027217741935
RFT17,CONFIRM128_RESERVED,add_sub_solvable,pass@4,64,62.08021934093437
RFT17,CONFIRM128_RESERVED,add_sub_solvable,pass@8,64,65.86038529277545
RFT17,CONFIRM128_RESERVED,add_sub_solvable,pass@16,64,70.58192174074253
RFT17,CONFIRM128_RESERVED,add_sub_solvable,pass@32,64,76.5625
RFT17,CONFIRM128_RESERVED,all,greedy,128,30.46875
RFT17,CONFIRM128_RESERVED,all,pass@1,128,31.396484375
RFT17,CONFIRM128_RESERVED,all,pass@2,128,33.90404485887097
RFT17,CONFIRM128_RESERVED,all,pass@4,128,36.310005909343715
RFT17,CONFIRM128_RESERVED,all,pass@8,128,39.04508830740234
RFT17,CONFIRM128_RESERVED,all,pass@16,128,42.21673941255179
RFT17,CONFIRM128_RESERVED,all,pass@32,128,46.09375
RFT17,CONFIRM128_RESERVED,requires_mul_or_div,greedy,64,6.25
RFT17,CONFIRM128_RESERVED,requires_mul_or_div,pass@1,64,7.12890625
RFT17,CONFIRM128_RESERVED,requires_mul_or_div,pass@2,64,8.867817540322582
RFT17,CONFIRM128_RESERVED,requires_mul_or_div,pass@4,64,10.539792477753059
RFT17,CONFIRM128_RESERVED,requires_mul_or_div,pass@8,64,12.229791322029225
RFT17,CONFIRM128_RESERVED,requires_mul_or_div,pass@16,64,13.851557084361046
RFT17,CONFIRM128_RESERVED,requires_mul_or_div,pass@32,64,15.625
RFT17,HISTORICAL_FINAL256_OBSERVED,add_sub_solvable,greedy,128,60.15625
RFT17,HISTORICAL_FINAL256_OBSERVED,add_sub_solvable,pass@1,128,59.0087890625
RFT17,HISTORICAL_FINAL256_OBSERVED,add_sub_solvable,pass@2,128,62.34879032258065
RFT17,HISTORICAL_FINAL256_OBSERVED,add_sub_solvable,pass@4,128,64.84889895022246
RFT17,HISTORICAL_FINAL256_OBSERVED,add_sub_solvable,pass@8,128,67.79574965476836
RFT17,HISTORICAL_FINAL256_OBSERVED,add_sub_solvable,pass@16,128,71.14169771633001
RFT17,HISTORICAL_FINAL256_OBSERVED,add_sub_solvable,pass@32,128,74.21875
RFT17,HISTORICAL_FINAL256_OBSERVED,all,greedy,256,33.984375
RFT17,HISTORICAL_FINAL256_OBSERVED,all,pass@1,256,33.0078125
RFT17,HISTORICAL_FINAL256_OBSERVED,all,pass@2,256,35.605941280241936
RFT17,HISTORICAL_FINAL256_OBSERVED,all,pass@4,256,37.73765555478309
RFT17,HISTORICAL_FINAL256_OBSERVED,all,pass@8,256,40.189959181260285
RFT17,HISTORICAL_FINAL256_OBSERVED,all,pass@16,256,43.04459959200507
RFT17,HISTORICAL_FINAL256_OBSERVED,all,pass@32,256,46.09375
RFT17,HISTORICAL_FINAL256_OBSERVED,requires_mul_or_div,greedy,128,7.8125
RFT17,HISTORICAL_FINAL256_OBSERVED,requires_mul_or_div,pass@1,128,7.0068359375
RFT17,HISTORICAL_FINAL256_OBSERVED,requires_mul_or_div,pass@2,128,8.863092237903224
RFT17,HISTORICAL_FINAL256_OBSERVED,requires_mul_or_div,pass@4,128,10.626412159343715
RFT17,HISTORICAL_FINAL256_OBSERVED,requires_mul_or_div,pass@8,128,12.584168707752202
RFT17,HISTORICAL_FINAL256_OBSERVED,requires_mul_or_div,pass@16,128,14.947501467680139
RFT17,HISTORICAL_FINAL256_OBSERVED,requires_mul_or_div,pass@32,128,17.96875
RFT29,CONFIRM128_RESERVED,add_sub_solvable,greedy,64,65.625
RFT29,CONFIRM128_RESERVED,add_sub_solvable,pass@1,64,65.33203125
RFT29,CONFIRM128_RESERVED,add_sub_solvable,pass@2,64,72.77280745967742
RFT29,CONFIRM128_RESERVED,add_sub_solvable,pass@4,64,77.3905467880979
RFT29,CONFIRM128_RESERVED,add_sub_solvable,pass@8,64,79.92214892734567
RFT29,CONFIRM128_RESERVED,add_sub_solvable,pass@16,64,81.23681359306198
RFT29,CONFIRM128_RESERVED,add_sub_solvable,pass@32,64,82.8125
RFT29,CONFIRM128_RESERVED,all,greedy,128,35.9375
RFT29,CONFIRM128_RESERVED,all,pass@1,128,35.595703125
RFT29,CONFIRM128_RESERVED,all,pass@2,128,39.851625504032256
RFT29,CONFIRM128_RESERVED,all,pass@4,128,42.62876720661846
RFT29,CONFIRM128_RESERVED,all,pass@8,128,44.409011333224
RFT29,CONFIRM128_RESERVED,all,pass@16,128,45.60142226124487
RFT29,CONFIRM128_RESERVED,all,pass@32,128,46.875
RFT29,CONFIRM128_RESERVED,requires_mul_or_div,greedy,64,6.25
RFT29,CONFIRM128_RESERVED,requires_mul_or_div,pass@1,64,5.859375
RFT29,CONFIRM128_RESERVED,requires_mul_or_div,pass@2,64,6.930443548387097
RFT29,CONFIRM128_RESERVED,requires_mul_or_div,pass@4,64,7.866987625139044
RFT29,CONFIRM128_RESERVED,requires_mul_or_div,pass@8,64,8.895873739102326
RFT29,CONFIRM128_RESERVED,requires_mul_or_div,pass@16,64,9.96603092942776
RFT29,CONFIRM128_RESERVED,requires_mul_or_div,pass@32,64,10.9375
RFT29,HISTORICAL_FINAL256_OBSERVED,add_sub_solvable,greedy,128,65.625
RFT29,HISTORICAL_FINAL256_OBSERVED,add_sub_solvable,pass@1,128,65.966796875
RFT29,HISTORICAL_FINAL256_OBSERVED,add_sub_solvable,pass@2,128,71.54580393145162
RFT29,HISTORICAL_FINAL256_OBSERVED,add_sub_solvable,pass@4,128,75.92292217046719
RFT29,HISTORICAL_FINAL256_OBSERVED,add_sub_solvable,pass@8,128,79.09796712931272
RFT29,HISTORICAL_FINAL256_OBSERVED,add_sub_solvable,pass@16,128,80.9437225245778
RFT29,HISTORICAL_FINAL256_OBSERVED,add_sub_solvable,pass@32,128,82.03125
RFT29,HISTORICAL_FINAL256_OBSERVED,all,greedy,256,37.890625
RFT29,HISTORICAL_FINAL256_OBSERVED,all,pass@1,256,37.6220703125
RFT29,HISTORICAL_FINAL256_OBSERVED,all,pass@2,256,41.300718245967744
RFT29,HISTORICAL_FINAL256_OBSERVED,all,pass@4,256,44.12477622705784
RFT29,HISTORICAL_FINAL256_OBSERVED,all,pass@8,256,46.311224692916156
RFT29,HISTORICAL_FINAL256_OBSERVED,all,pass@16,256,47.955411992993774
RFT29,HISTORICAL_FINAL256_OBSERVED,all,pass@32,256,49.21875
RFT29,HISTORICAL_FINAL256_OBSERVED,requires_mul_or_div,greedy,128,10.15625
RFT29,HISTORICAL_FINAL256_OBSERVED,requires_mul_or_div,pass@1,128,9.27734375
RFT29,HISTORICAL_FINAL256_OBSERVED,requires_mul_or_div,pass@2,128,11.05563256048387
RFT29,HISTORICAL_FINAL256_OBSERVED,requires_mul_or_div,pass@4,128,12.326630283648498
RFT29,HISTORICAL_FINAL256_OBSERVED,requires_mul_or_div,pass@8,128,13.52448225651959
RFT29,HISTORICAL_FINAL256_OBSERVED,requires_mul_or_div,pass@16,128,14.967101461409763
RFT29,HISTORICAL_FINAL256_OBSERVED,requires_mul_or_div,pass@32,128,16.40625
RFT43,CONFIRM128_RESERVED,add_sub_solvable,greedy,64,60.9375
RFT43,CONFIRM128_RESERVED,add_sub_solvable,pass@1,64,58.935546875
RFT43,CONFIRM128_RESERVED,add_sub_solvable,pass@2,64,62.15977822580645
RFT43,CONFIRM128_RESERVED,add_sub_solvable,pass@4,64,64.4949683676307
RFT43,CONFIRM128_RESERVED,add_sub_solvable,pass@8,64,67.0816599105844
RFT43,CONFIRM128_RESERVED,add_sub_solvable,pass@16,64,70.94190304041528
RFT43,CONFIRM128_RESERVED,add_sub_solvable,pass@32,64,76.5625
RFT43,CONFIRM128_RESERVED,all,greedy,128,34.375
RFT43,CONFIRM128_RESERVED,all,pass@1,128,33.30078125
RFT43,CONFIRM128_RESERVED,all,pass@2,128,35.74061239919355
RFT43,CONFIRM128_RESERVED,all,pass@4,128,37.55850684788654
RFT43,CONFIRM128_RESERVED,all,pass@8,128,39.447317042083796
RFT43,CONFIRM128_RESERVED,all,pass@16,128,41.919812103356925
RFT43,CONFIRM128_RESERVED,all,pass@32,128,45.3125
RFT43,CONFIRM128_RESERVED,requires_mul_or_div,greedy,64,7.8125
RFT43,CONFIRM128_RESERVED,requires_mul_or_div,pass@1,64,7.666015625
RFT43,CONFIRM128_RESERVED,requires_mul_or_div,pass@2,64,9.321446572580646
RFT43,CONFIRM128_RESERVED,requires_mul_or_div,pass@4,64,10.62204532814238
RFT43,CONFIRM128_RESERVED,requires_mul_or_div,pass@8,64,11.812974173583184
RFT43,CONFIRM128_RESERVED,requires_mul_or_div,pass@16,64,12.89772116629857
RFT43,CONFIRM128_RESERVED,requires_mul_or_div,pass@32,64,14.0625
RFT43,HISTORICAL_FINAL256_OBSERVED,add_sub_solvable,greedy,128,62.5
RFT43,HISTORICAL_FINAL256_OBSERVED,add_sub_solvable,pass@1,128,61.376953125
RFT43,HISTORICAL_FINAL256_OBSERVED,add_sub_solvable,pass@2,128,64.28616431451613
RFT43,HISTORICAL_FINAL256_OBSERVED,add_sub_solvable,pass@4,128,65.97134837319244
RFT43,HISTORICAL_FINAL256_OBSERVED,add_sub_solvable,pass@8,128,67.55677322499834
RFT43,HISTORICAL_FINAL256_OBSERVED,add_sub_solvable,pass@16,128,69.23928072925902
RFT43,HISTORICAL_FINAL256_OBSERVED,add_sub_solvable,pass@32,128,71.09375
RFT43,HISTORICAL_FINAL256_OBSERVED,all,greedy,256,35.546875
RFT43,HISTORICAL_FINAL256_OBSERVED,all,pass@1,256,34.47265625
RFT43,HISTORICAL_FINAL256_OBSERVED,all,pass@2,256,37.01329385080645
RFT43,HISTORICAL_FINAL256_OBSERVED,all,pass@4,256,38.890759698275865
RFT43,HISTORICAL_FINAL256_OBSERVED,all,pass@8,256,40.77413624498493
RFT43,HISTORICAL_FINAL256_OBSERVED,all,pass@16,256,42.70438527508671
RFT43,HISTORICAL_FINAL256_OBSERVED,all,pass@32,256,44.53125
RFT43,HISTORICAL_FINAL256_OBSERVED,requires_mul_or_div,greedy,128,8.59375
RFT43,HISTORICAL_FINAL256_OBSERVED,requires_mul_or_div,pass@1,128,7.568359375
RFT43,HISTORICAL_FINAL256_OBSERVED,requires_mul_or_div,pass@2,128,9.740423387096774
RFT43,HISTORICAL_FINAL256_OBSERVED,requires_mul_or_div,pass@4,128,11.810171023359288
RFT43,HISTORICAL_FINAL256_OBSERVED,requires_mul_or_div,pass@8,128,13.991499264971527
RFT43,HISTORICAL_FINAL256_OBSERVED,requires_mul_or_div,pass@16,128,16.169489820914386
RFT43,HISTORICAL_FINAL256_OBSERVED,requires_mul_or_div,pass@32,128,17.96875
SFT,CONFIRM128_RESERVED,add_sub_solvable,greedy,64,57.8125
SFT,CONFIRM128_RESERVED,add_sub_solvable,pass@1,64,34.1796875
SFT,CONFIRM128_RESERVED,add_sub_solvable,pass@2,64,51.87436995967742
SFT,CONFIRM128_RESERVED,add_sub_solvable,pass@4,64,69.22704915183537
SFT,CONFIRM128_RESERVED,add_sub_solvable,pass@8,64,82.51916718956485
SFT,CONFIRM128_RESERVED,add_sub_solvable,pass@16,64,90.3651898583815
SFT,CONFIRM128_RESERVED,add_sub_solvable,pass@32,64,93.75
SFT,CONFIRM128_RESERVED,all,greedy,128,34.375
SFT,CONFIRM128_RESERVED,all,pass@1,128,21.77734375
SFT,CONFIRM128_RESERVED,all,pass@2,128,34.507308467741936
SFT,CONFIRM128_RESERVED,all,pass@4,128,49.267958321746384
SFT,CONFIRM128_RESERVED,all,pass@8,128,64.10882855653955
SFT,CONFIRM128_RESERVED,all,pass@16,128,76.91380237919383
SFT,CONFIRM128_RESERVED,all,pass@32,128,85.15625
SFT,CONFIRM128_RESERVED,requires_mul_or_div,greedy,64,10.9375
SFT,CONFIRM128_RESERVED,requires_mul_or_div,pass@1,64,9.375
SFT,CONFIRM128_RESERVED,requires_mul_or_div,pass@2,64,17.14024697580645
SFT,CONFIRM128_RESERVED,requires_mul_or_div,pass@4,64,29.3088674916574
SFT,CONFIRM128_RESERVED,requires_mul_or_div,pass@8,64,45.69848992351426
SFT,CONFIRM128_RESERVED,requires_mul_or_div,pass@16,64,63.46241490000614
SFT,CONFIRM128_RESERVED,requires_mul_or_div,pass@32,64,76.5625
SFT,HISTORICAL_FINAL256_OBSERVED,add_sub_solvable,greedy,128,59.375
SFT,HISTORICAL_FINAL256_OBSERVED,add_sub_solvable,pass@1,128,34.1796875
SFT,HISTORICAL_FINAL256_OBSERVED,add_sub_solvable,pass@2,128,52.69027217741935
SFT,HISTORICAL_FINAL256_OBSERVED,add_sub_solvable,pass@4,128,71.25321537819799
SFT,HISTORICAL_FINAL256_OBSERVED,add_sub_solvable,pass@8,128,85.31030702145308
SFT,HISTORICAL_FINAL256_OBSERVED,add_sub_solvable,pass@16,128,93.47565517219127
SFT,HISTORICAL_FINAL256_OBSERVED,add_sub_solvable,pass@32,128,96.09375
SFT,HISTORICAL_FINAL256_OBSERVED,all,greedy,256,34.375
SFT,HISTORICAL_FINAL256_OBSERVED,all,pass@1,256,22.20458984375
SFT,HISTORICAL_FINAL256_OBSERVED,all,pass@2,256,35.39566532258064
SFT,HISTORICAL_FINAL256_OBSERVED,all,pass@4,256,50.366292408231374
SFT,HISTORICAL_FINAL256_OBSERVED,all,pass@8,256,64.28394667656609
SFT,HISTORICAL_FINAL256_OBSERVED,all,pass@16,256,75.20414318171527
SFT,HISTORICAL_FINAL256_OBSERVED,all,pass@32,256,81.640625
SFT,HISTORICAL_FINAL256_OBSERVED,requires_mul_or_div,greedy,128,9.375
SFT,HISTORICAL_FINAL256_OBSERVED,requires_mul_or_div,pass@1,128,10.2294921875
SFT,HISTORICAL_FINAL256_OBSERVED,requires_mul_or_div,pass@2,128,18.101058467741936
SFT,HISTORICAL_FINAL256_OBSERVED,requires_mul_or_div,pass@4,128,29.479369438264737
SFT,HISTORICAL_FINAL256_OBSERVED,requires_mul_or_div,pass@8,128,43.25758633167908
SFT,HISTORICAL_FINAL256_OBSERVED,requires_mul_or_div,pass@16,128,56.932631191239246
SFT,HISTORICAL_FINAL256_OBSERVED,requires_mul_or_div,pass@32,128,67.1875
